Workbook

Sheet Raw
A1: Account Name | B1: Channel | C1: Ticket Owner | D1: Ticket Number | E1: Subject | F1: Category | G1: Sub Category | H1: Device Name | I1: Serial/Subscription | J1: Device Serial | K1: Rack Number | L1: Device Type | M1: Hostname | N1: Model | O1: Current-FW Version | P1: Replaced Serial Number | Q1: Priority | R1: Status | S1: RCA 2 | T1: Hold Reason | U1: Resolution | V1: Created Time | W1: Resolution Time (min) | X1: Total Resolution Time (min) | Y1: Response Time | Z1: Actual Response Time (min) | AA1: Agreed Response SLA (min) | AB1: Response SLA Status | AC1: First Hold Time | AD1: Last Hold Time | AE1: Total JFL Downtime (Mins)HOLD Minute | AF1: Total Proactive Downtime (Mins)- Actual resolution mint | AG1: Agreed Resolution SLA (min) | AH1: Resolution SLA Status | AI1: Remark | AJ1: Total Minute in 7 Apr 2026 to 6 July - 90 Days X Minute | AK1: Proactive Uptime Mins | AL1: Proactive -Uptime% | AM1: JFL -Uptime Mins | AN1: JFL -Uptime %
A2: Jubilant Foodworks Ltd (JFL) | B2: Alert | C2: Dheerendra Maurya | D2: PRO/INC/41590 | E2: switches went down | F2: Meraki Managed Services | G2: Software / Configuration | H2: Bangalore | I2: Q2MW-DT66-3HKL | J2: Q2MW-DT66-3HKL | K2: SIDE-PLANT1 | L2: SW | M2: SIDE-PLANT1 | N2: MS250-24P | O2: switch-17-1-4 | Q2: Core | R2: Closed | S2: Device Power Issues | T2: power issue | U2: Switch went down due to power issue | V2: 46119.549 | W2: 46119.683 | X2: 192.18 | Y2: 46119.549 | Z2: 0.02 | AA2: 30 | AB2: SLA Met | AC2: 46119.555 | AD2: 46119.681 | AE2: 180.82 | AF2: 11.37 | AG2: 120 | AH2: SLA Met | AJ2: 129600 | AK2: =AJ2-AF2 -> 129588.63 | AL2: =AK2/AJ2*100 -> 99.991227 | AM2: =AJ2-AE2 -> 129419.18 | AN2: =AM2/AJ2*100 -> 99.860478
A3: Jubilant Foodworks Ltd (JFL) | B3: Alert | C3: Dheerendra Maurya | D3: PRO/INC/41597 | E3: Need to Enable VLan 9 - GF-ETP-SW1-Port 45 | F3: Meraki Managed Services | G3: Change Request | H3: Bangalore | J3: Q2QW-CAJU-QVKD | K3: GF-ETP | L3: SW | M3: GF-ETP-SW1 | N3: MS250-48FP | O3: switch-17-1-4 | Q3: P4 | R3: Closed | S3: New Configuration | T3: client site activity | U3: I have Enabled VLan 9 - GF-ETP-SW1-Port 45 | V3: 46119.603 | W3: 46119.636 | X3: 47.08 | Y3: 46119.603 | Z3: 0 | AA3: 30 | AB3: SLA Met | AC3: 46119.605 | AD3: 46119.63 | AE3: 35.7 | AF3: 11.38 | AG3: 2880 | AH3: SLA Met | AJ3: 129600 | AK3: =AJ3-AF3 -> 129588.62 | AL3: =AK3/AJ3*100 -> 99.991219 | AM3: =AJ3-AE3 -> 129564.3 | AN3: =AM3/AJ3*100 -> 99.972454
A4: Jubilant Foodworks Ltd (JFL) | B4: Alert | C4: John Ashis Roy | D4: PRO/INC/41621 | E4: aps went down | F4: Meraki Managed Services | G4: Software / Configuration | H4: Guwahati | I4: Q5AA-RM28-C2R8 | J4: Q5AA-RM28-C2R8 | K4: NA | L4: AP | M4: JFL-Guwahati-SSC-AP-03 | N4: CW9162I | O4: MR 32.1.7 | Q4: Non-Core | R4: Closed | S4: Client Side Activity | T4: Client Side Activity | U4: AP firmware activity going on due to that AP went down, So now firmware has been upgraded successfully and AP came online. | V4: 46119.88 | W4: 46119.978 | X4: 141.38 | Y4: 46119.88 | Z4: 0 | AA4: 30 | AB4: SLA Met | AC4: 46119.881 | AD4: 46119.975 | AE4: 135.13 | AF4: 6.25 | AG4: 120 | AH4: SLA Met | AJ4: 129600 | AK4: =AJ4-AF4 -> 129593.75 | AL4: =AK4/AJ4*100 -> 99.995177 | AM4: =AJ4-AE4 -> 129464.87 | AN4: =AM4/AJ4*100 -> 99.895733
A5: Jubilant Foodworks Ltd (JFL) | B5: Alert | C5: Kartik Choudhary | D5: PRO/INC/41635 | E5: new dhcp server detected | F5: Meraki Managed Services | G5: Software / Configuration | H5: Nagpur | I5: Q5JJ-68KZ-MXAS | J5: Q5JJ-68KZ-MXAS | K5: RACK 1 | L5: SW | M5: JFL-NAG-SSC-SW01 | N5: C9300L-48P-4X | O5: cs-17-2-2 | Q5: Non-Core | R5: Closed | S5: Third Party Device issue | T5: observation with customer, Customer reply awaiting. | U5: new DHCP server blocked | V5: 46120.237 | W5: 46125.506 | X5: 7587.22 | Y5: 46120.237 | Z5: 0.02 | AA5: 30 | AB5: SLA Met | AC5: 46120.242 | AD5: 46125.505 | AE5: 7578.73 | AF5: 8.48 | AG5: 120 | AH5: SLA Met | AJ5: 129600 | AK5: =AJ5-AF5 -> 129591.52 | AL5: =AK5/AJ5*100 -> 99.993457 | AM5: =AJ5-AE5 -> 122021.27 | AN5: =AM5/AJ5*100 -> 94.152215
A6: Jubilant Foodworks Ltd (JFL) | B6: Alert | C6: Dheerendra Maurya | D6: PRO/INC/41650 | E6: aps went down | F6: Meraki Managed Services | G6: Software / Configuration | H6: Bangalore | I6: Q3AC-9EFV-95CH | J6: Q3AC-9EFV-95CH | K6: NA | L6: AP | M6: 2F-AP20-R4-SW2-45P | N6: MR46 | O6: wireless-31-1-8 | Q6: Non-Core | R6: Closed | S6: Device Power Issues | T6: POWER ISSUE | U6: AP went down due to power issue | V6: 46120.542 | W6: 46120.596 | X6: 76.9 | Y6: 46120.542 | Z6: 0.02 | AA6: 30 | AB6: SLA Met | AC6: 46120.545 | AD6: 46120.595 | AE6: 71.62 | AF6: 5.28 | AG6: 120 | AH6: SLA Met | AJ6: 129600 | AK6: =AJ6-AF6 -> 129594.72 | AL6: =AK6/AJ6*100 -> 99.995926 | AM6: =AJ6-AE6 -> 129528.38 | AN6: =AM6/AJ6*100 -> 99.944738
A7: Jubilant Foodworks Ltd (JFL) | B7: Alert | C7: Dheerendra Maurya | D7: PRO/INC/41649 | E7: aps went down | F7: Meraki Managed Services | G7: Software / Configuration | H7: Bangalore | I7: Q3AC-C4P4-JNC9 | J7: Q3AC-C4P4-JNC9 | K7: NA | L7: AP | M7: 2F-AP18-R4-SW2-8P | N7: MR46 | O7: wireless-31-1-8 | Q7: Non-Core | R7: Closed | S7: Device Power Issues | T7: POWER ISSUE | U7: AP went down due to power issue | V7: 46120.542 | W7: 46120.594 | X7: 74.9 | Y7: 46120.542 | Z7: 0 | AA7: 30 | AB7: SLA Met | AC7: 46120.546 | AD7: 46120.594 | AE7: 69.08 | AF7: 5.82 | AG7: 120 | AH7: SLA Met | AJ7: 129600 | AK7: =AJ7-AF7 -> 129594.18 | AL7: =AK7/AJ7*100 -> 99.995509 | AM7: =AJ7-AE7 -> 129530.92 | AN7: =AM7/AJ7*100 -> 99.946698
A8: Jubilant Foodworks Ltd (JFL) | B8: Alert | C8: Dheerendra Maurya | D8: PRO/INC/41651 | E8: aps went down | F8: Meraki Managed Services | G8: Software / Configuration | H8: Bangalore | I8: Q3AC-PGZ6-YM5F | J8: Q3AC-PGZ6-YM5F | K8: NA | L8: AP | M8: 2F-AP12-R5-SW2-4P | N8: MR46 | O8: wireless-31-1-8 | Q8: Non-Core | R8: Closed | S8: Device Power Issues | T8: POWER ISSUE | U8: AP went down due to power issue | V8: 46120.542 | W8: 46120.597 | X8: 78.85 | Y8: 46120.542 | Z8: 0 | AA8: 30 | AB8: SLA Met | AC8: 46120.546 | AD8: 46120.596 | AE8: 72.12 | AF8: 6.73 | AG8: 120 | AH8: SLA Met | AJ8: 129600 | AK8: =AJ8-AF8 -> 129593.27 | AL8: =AK8/AJ8*100 -> 99.994807 | AM8: =AJ8-AE8 -> 129527.88 | AN8: =AM8/AJ8*100 -> 99.944352
A9: Jubilant Foodworks Ltd (JFL) | B9: Alert | C9: Aneesh P S | D9: PRO/INC/41652 | E9: switches went down | F9: Meraki Managed Services | G9: Software / Configuration | H9: Bangalore | I9: Q2QW-CTCG-QKDE | J9: Q2QW-CTCG-QKDE | K9: 2F-R5 | L9: SW | M9: 2F-R5-SW1 | N9: MS250-48FP | O9: switch-17-1-4 | Q9: Core | R9: Closed | S9: Device Power Issues | T9: POWER ISSUE | U9: Device Power issues | V9: 46120.544 | W9: 46120.609 | X9: 93.73 | Y9: 46120.544 | Z9: 0.02 | AA9: 30 | AB9: SLA Met | AC9: 46120.547 | AD9: 46120.602 | AE9: 79.48 | AF9: 14.25 | AG9: 120 | AH9: SLA Met | AJ9: 129600 | AK9: =AJ9-AF9 -> 129585.75 | AL9: =AK9/AJ9*100 -> 99.989005 | AM9: =AJ9-AE9 -> 129520.52 | AN9: =AM9/AJ9*100 -> 99.938673
A10: Jubilant Foodworks Ltd (JFL) | B10: Alert | C10: Dheerendra Maurya | D10: PRO/INC/41653 | E10: switches went down | F10: Meraki Managed Services | G10: Software / Configuration | H10: Bangalore | I10: Q2QW-CTMF-ZXMF | J10: Q2QW-CTMF-ZXMF | K10: 2F-R5 | L10: SW | M10: 2F-R5-SW2 | N10: MS250-48FP | O10: switch-17-2-2 | Q10: Core | R10: Closed | S10: Device Power Issues | T10: POWER ISSUE | U10: Switch went down due to power issue | V10: 46120.544 | W10: 46120.599 | X10: 78.68 | Y10: 46120.544 | Z10: 0 | AA10: 30 | AB10: SLA Met | AC10: 46120.548 | AD10: 46120.598 | AE10: 72.73 | AF10: 5.95 | AG10: 120 | AH10: SLA Met | AJ10: 129600 | AK10: =AJ10-AF10 -> 129594.05 | AL10: =AK10/AJ10*100 -> 99.995409 | AM10: =AJ10-AE10 -> 129527.27 | AN10: =AM10/AJ10*100 -> 99.943881
A11: Jubilant Foodworks Ltd (JFL) | B11: Alert | C11: Dheerendra Maurya | D11: PRO/INC/41657 | E11: aps went down | F11: Meraki Managed Services | G11: Software / Configuration | H11: Bangalore | I11: Q3AC-JN66-PSGV | J11: Q3AC-JN66-PSGV | K11: NA | L11: AP | M11: 2F-AP04-R4-SW3-24P | N11: MR46 | O11: wireless-31-1-8 | Q11: Non-Core | R11: Closed | S11: Device Power Issues | T11: Power issue | U11: AP WENT DOWN DUE TO POWER ISSUE | V11: 46120.64 | W11: 46120.699 | X11: 83.95 | Y11: 46120.64 | Z11: 0.02 | AA11: 30 | AB11: SLA Met | AC11: 46120.643 | AD11: 46120.698 | AE11: 79.28 | AF11: 4.67 | AG11: 120 | AH11: SLA Met | AJ11: 129600 | AK11: =AJ11-AF11 -> 129595.33 | AL11: =AK11/AJ11*100 -> 99.996397 | AM11: =AJ11-AE11 -> 129520.72 | AN11: =AM11/AJ11*100 -> 99.938827
A12: Jubilant Foodworks Ltd (JFL) | B12: Alert | C12: Dheerendra Maurya | D12: PRO/INC/41658 | E12: aps went down | F12: Meraki Managed Services | G12: Software / Configuration | H12: Bangalore | I12: Q3AC-9EFV-95CH | J12: Q3AC-9EFV-95CH | K12: NA | L12: AP | M12: 2F-AP20-R4-SW2-45P | N12: MR46 | O12: wireless-31-1-8 | Q12: Non-Core | R12: Closed | S12: Device Power Issues | T12: power issue | U12: AP WENT DOWN DUE TO POWER ISSUE | V12: 46120.64 | W12: 46120.694 | X12: 77.93 | Y12: 46120.64 | Z12: 0 | AA12: 30 | AB12: SLA Met | AC12: 46120.645 | AD12: 46120.693 | AE12: 68.73 | AF12: 9.2 | AG12: 120 | AH12: SLA Met | AJ12: 129600 | AK12: =AJ12-AF12 -> 129590.8 | AL12: =AK12/AJ12*100 -> 99.992901 | AM12: =AJ12-AE12 -> 129531.27 | AN12: =AM12/AJ12*100 -> 99.946968
A13: Jubilant Foodworks Ltd (JFL) | B13: Alert | C13: Dheerendra Maurya | D13: PRO/INC/41659 | E13: switches went down | F13: Meraki Managed Services | G13: Software / Configuration | H13: Bangalore | I13: Q2QW-ARKH-HCRT | J13: Q2QW-ARKH-HCRT | K13: 2F-R4 | L13: SW | M13: 2F-R4-SW2 | N13: MS250-48FP | O13: switch-17-1-4 | Q13: Core | R13: Closed | S13: Device Power Issues | T13: power issue | U13: Switch went down due to power issue | V13: 46120.642 | W13: 46120.688 | X13: 67.07 | Y13: 46120.642 | Z13: 0.02 | AA13: 30 | AB13: SLA Met | AC13: 46120.644 | AD13: 46120.684 | AE13: 58.27 | AF13: 8.8 | AG13: 120 | AH13: SLA Met | AJ13: 129600 | AK13: =AJ13-AF13 -> 129591.2 | AL13: =AK13/AJ13*100 -> 99.99321 | AM13: =AJ13-AE13 -> 129541.73 | AN13: =AM13/AJ13*100 -> 99.955039
A14: Jubilant Foodworks Ltd (JFL) | B14: Alert | C14: Dheerendra Maurya | D14: PRO/INC/41660 | E14: aps went down | F14: Meraki Managed Services | G14: Software / Configuration | H14: Bangalore | I14: Q3AC-PGZ6-YM5F | J14: Q3AC-PGZ6-YM5F | K14: NA | L14: AP | M14: 2F-AP12-R5-SW2-4P | N14: MR46 | O14: wireless-31-1-8 | Q14: Non-Core | R14: Closed | S14: Device Power Issues | T14: power issue | U14: AP went down due to power issue | V14: 46120.669 | W14: 46120.713 | X14: 62.68 | Y14: 46120.669 | Z14: 0.02 | AA14: 30 | AB14: SLA Met | AC14: 46120.678 | AD14: 46120.711 | AE14: 47.17 | AF14: 15.52 | AG14: 120 | AH14: SLA Met | AJ14: 129600 | AK14: =AJ14-AF14 -> 129584.48 | AL14: =AK14/AJ14*100 -> 99.988025 | AM14: =AJ14-AE14 -> 129552.83 | AN14: =AM14/AJ14*100 -> 99.963603
A15: Jubilant Foodworks Ltd (JFL) | B15: Alert | C15: Dheerendra Maurya | D15: PRO/INC/41661 | E15: aps went down | F15: Meraki Managed Services | G15: Software / Configuration | H15: Bangalore | I15: Q3AC-C4P4-JNC9 | J15: Q3AC-C4P4-JNC9 | K15: NA | L15: AP | M15: 2F-AP18-R4-SW2-8P | N15: MR46 | O15: wireless-31-1-8 | Q15: Non-Core | R15: Closed | S15: Device Power Issues | T15: power issue | U15: AP WENT DOWN DUE TO POWER ISSUE | V15: 46120.669 | W15: 46120.711 | X15: 60.68 | Y15: 46120.669 | Z15: 0.02 | AA15: 30 | AB15: SLA Met | AC15: 46120.679 | AD15: 46120.71 | AE15: 45 | AF15: 15.68 | AG15: 120 | AH15: SLA Met | AJ15: 129600 | AK15: =AJ15-AF15 -> 129584.32 | AL15: =AK15/AJ15*100 -> 99.987901 | AM15: =AJ15-AE15 -> 129555 | AN15: =AM15/AJ15*100 -> 99.965278
... A33: Jubilant Foodworks Ltd (JFL) | B33: Alert | C33: John Ashis Roy | D33: PRO/INC/43795 | E33: switches went down | F33: Meraki Managed Services | G33: Software / Configuration | H33: Bangalore | I33: Q2QW-CAJU-QVKD | J33: Q2QW-CAJU-QVKD | K33: GF-ETP | L33: SW | M33: GF-ETP-SW1 | N33: MS250-48FP | O33: switch-17-1-4 | Q33: Core | R33: Closed | S33: Device Power Issues | T33: Power Issue | U33: Resolved | V33: 46138.66 | W33: 46141.5 | X33: 4089.13 | Y33: 46138.66 | Z33: 0.02 | AA33: 30 | AB33: SLA Met | AC33: 46138.662 | AD33: 46141.504 | AE33: 4092 | AF33: -2.87 | AG33: 120 | AH33: SLA Met | AJ33: 129600 | AK33: =AJ33-AF33 -> 129602.87 | AL33: =AK33/AJ33*100 -> 100.00221 | AM33: =AJ33-AE33 -> 125508 | AN33: =AM33/AJ33*100 -> 96.842593
A34: Jubilant Foodworks Ltd (JFL) | B34: Alert | C34: Dheerendra Maurya | D34: PRO/INC/44364 | E34: Need to Enable VLan 100 - SEC-CAB-SW1-Port 31 | F34: Meraki Managed Services | G34: Change Request | H34: Bangalore | J34: Q2QW-FCJL-LJS8 | K34: SEC-CAB | L34: SW | M34: SEC-CAB-SW1 | N34: MS250-48FP | O34: switch-17-2-2 | Q34: P4 | R34: Closed | S34: New Configuration | U34: Enabled sec rack port 31 under vlan 100 | V34: 46139.691 | W34: 46139.706 | X34: 21.38 | Y34: 46139.691 | Z34: 0.02 | AA34: 30 | AB34: SLA Met | AE34: 0 | AF34: 21.38 | AG34: 2880 | AH34: SLA Met | AJ34: 129600 | AK34: =AJ34-AF34 -> 129578.62 | AL34: =AK34/AJ34*100 -> 99.983503 | AM34: =AJ34-AE34 -> 129600 | AN34: =AM34/AJ34*100 -> 100
A35: Jubilant Foodworks Ltd (JFL) | B35: Alert | C35: Shresth Kushwaha | D35: PRO/INC/44366 | E35: Need to Enable VLan 100 - SEC-CAB-SW2-Port 47 | F35: Meraki Managed Services | G35: Change Request | H35: Bangalore | J35: Q2QW-FCH3-EMVG | K35: SEC-CAB | L35: SW | M35: SEC-CAB-SW2 | N35: MS250-48FP | O35: switch-17-2-2 | Q35: P4 | R35: Closed | S35: New Configuration | U35: Enabled VLan 100 - SEC-CAB-SW2-Port 47 | V35: 46139.7 | W35: 46139.71 | X35: 15.63 | Y35: 46139.7 | Z35: 0.02 | AA35: 30 | AB35: SLA Met | AE35: 0 | AF35: 15.63 | AG35: 2880 | AH35: SLA Met | AJ35: 129600 | AK35: =AJ35-AF35 -> 129584.37 | AL35: =AK35/AJ35*100 -> 99.98794 | AM35: =AJ35-AE35 -> 129600 | AN35: =AM35/AJ35*100 -> 100
A36: Jubilant Foodworks Ltd (JFL) | B36: Alert | C36: Kartik Choudhary | D36: PRO/INC/44555 | E36: aps went down | F36: Meraki Managed Services | G36: Software / Configuration | H36: Greater Noida | I36: Q5AA-J9A9-ZJ2B | J36: Q5AA-J9A9-ZJ2B | K36: NA | L36: AP | M36: JFL-GNSC-AP30 | N36: CW9162I | O36: wireless-31-1-7 | Q36: Non-Core | R36: Closed | S36: Device Power Issues | U36: Power issue | V36: 46142.54 | W36: 46142.545 | X36: 7.57 | Y36: 46142.54 | Z36: 0.02 | AA36: 30 | AB36: SLA Met | AE36: 0 | AF36: 7.57 | AG36: 120 | AH36: SLA Met | AJ36: 129600 | AK36: =AJ36-AF36 -> 129592.43 | AL36: =AK36/AJ36*100 -> 99.994159 | AM36: =AJ36-AE36 -> 129600 | AN36: =AM36/AJ36*100 -> 100
A37: Jubilant Foodworks Ltd (JFL) | B37: Alert | C37: Kartik Choudhary | D37: PRO/INC/44676 | E37: new dhcp server detected | F37: Meraki Managed Services | G37: Software / Configuration | H37: Nagpur | I37: Q5JJ-68KZ-MXAS | J37: Q5JJ-68KZ-MXAS | K37: RACK 1 | L37: SW | M37: JFL-NAG-SSC-SW01 | N37: C9300L-48P-4X | O37: cs-17-2-2 | Q37: Non-Core | R37: Closed | S37: Third Party Device issue | T37: Information has been shared with the customer. We are currently awaiting their response to proceed further. | U37: We have blocked the new DHCP server as per customer confirmation. | V37: 46144.804 | W37: 46144.835 | X37: 44.68 | Y37: 46144.804 | Z37: 0.02 | AA37: 30 | AB37: SLA Met | AC37: 46144.807 | AD37: 46144.833 | AE37: 37.25 | AF37: 7.43 | AG37: 120 | AH37: SLA Met | AJ37: 129600 | AK37: =AJ37-AF37 -> 129592.57 | AL37: =AK37/AJ37*100 -> 99.994267 | AM37: =AJ37-AE37 -> 129562.75 | AN37: =AM37/AJ37*100 -> 99.971258
A38: Jubilant Foodworks Ltd (JFL) | B38: Alert | C38: Shresth Kushwaha | D38: PRO/INC/44719 | E38: aps went down | F38: Meraki Managed Services | G38: Software / Configuration | H38: Greater Noida | I38: Q3KG-JH9T-FL7Z | J38: Q3KG-JH9T-FL7Z | K38: NA | L38: AP | M38: JFL-GNSC-AP48 | N38: MR86 | O38: wireless-31-1-7 | Q38: Non-Core | R38: Closed | S38: Device Power Issues | T38: Power issue | U38: POWER ISSUE | V38: 46146.091 | W38: 46155.856 | X38: 14060.8 | Y38: 46146.091 | Z38: 0 | AA38: 30 | AB38: SLA Met | AC38: 46146.093 | AD38: 46155.854 | AE38: 14055.38 | AF38: 5.42 | AG38: 120 | AH38: SLA Met | AJ38: 129600 | AK38: =AJ38-AF38 -> 129594.58 | AL38: =AK38/AJ38*100 -> 99.995818 | AM38: =AJ38-AE38 -> 115544.62 | AN38: =AM38/AJ38*100 -> 89.154799
A39: Jubilant Foodworks Ltd (JFL) | B39: Alert | C39: Shresth Kushwaha | D39: PRO/INC/44727 | E39: aps went down | F39: Meraki Managed Services | G39: Software / Configuration | H39: Greater Noida | I39: Q3KG-JH9T-FL7Z | J39: Q3KG-JH9T-FL7Z | K39: NA | L39: AP | M39: JFL-GNSC-AP48 | N39: MR86 | O39: wireless-31-1-7 | Q39: Non-Core | R39: Closed | S39: Device Power Issues | T39: Power issue | U39: POWER ISSUE | V39: 46146.172 | W39: 46155.857 | X39: 13946.2 | Y39: 46146.172 | Z39: 0 | AA39: 30 | AB39: SLA Met | AC39: 46146.173 | AD39: 46155.854 | AE39: 13940.92 | AF39: 5.28 | AG39: 120 | AH39: SLA Met | AJ39: 129600 | AK39: =AJ39-AF39 -> 129594.72 | AL39: =AK39/AJ39*100 -> 99.995926 | AM39: =AJ39-AE39 -> 115659.08 | AN39: =AM39/AJ39*100 -> 89.243117
A40: Jubilant Foodworks Ltd (JFL) | B40: Alert | C40: Aneesh P S | D40: PRO/INC/44814 | E40: aps went down | F40: Meraki Managed Services | G40: Software / Configuration | H40: Bangalore | I40: Q5AE-KNH9-5GV8 | J40: Q5AE-KNH9-5GV8 | K40: NA | L40: AP | M40: GF-AP01-ETP-SW1-10P | N40: CW9166I | O40: wireless-31-1-8 | Q40: Non-Core | R40: Closed | S40: Device Power Issues | T40: Device Power issues | U40: Device Power Issues | V40: 46147.482 | W40: 46147.499 | X40: 25.07 | Y40: 46147.482 | Z40: 0.02 | AA40: 30 | AB40: SLA Met | AC40: 46147.486 | AD40: 46147.497 | AE40: 16.27 | AF40: 8.8 | AG40: 120 | AH40: SLA Met | AJ40: 129600 | AK40: =AJ40-AF40 -> 129591.2 | AL40: =AK40/AJ40*100 -> 99.99321 | AM40: =AJ40-AE40 -> 129583.73 | AN40: =AM40/AJ40*100 -> 99.987446
A41: Jubilant Foodworks Ltd (JFL) | B41: Alert | C41: Aneesh P S | D41: PRO/INC/44815 | E41: switches went down | F41: Meraki Managed Services | G41: Software / Configuration | H41: Bangalore | I41: Q2QW-CAJU-QVKD | J41: Q2QW-CAJU-QVKD | K41: GF-ETP | L41: SW | M41: GF-ETP-SW1 | N41: MS250-48FP | O41: switch-17-1-4 | Q41: Core | R41: Closed | S41: Device Power Issues | T41: Device Power issues | U41: Device Power Issues | V41: 46147.483 | W41: 46147.499 | X41: 21.95 | Y41: 46147.483 | Z41: 0 | AA41: 30 | AB41: SLA Met | AC41: 46147.486 | AD41: 46147.497 | AE41: 16.05 | AF41: 5.9 | AG41: 120 | AH41: SLA Met | AJ41: 129600 | AK41: =AJ41-AF41 -> 129594.1 | AL41: =AK41/AJ41*100 -> 99.995448 | AM41: =AJ41-AE41 -> 129583.95 | AN41: =AM41/AJ41*100 -> 99.987616
A42: Jubilant Foodworks Ltd (JFL) | B42: Alert | C42: Dheerendra Maurya | D42: PRO/INC/44824 | E42: new dhcp server detected | F42: Meraki Managed Services | G42: Software / Configuration | H42: Nagpur | I42: Q5JJ-68KZ-MXAS | J42: Q5JJ-68KZ-MXAS | K42: RACK 1 | L42: SW | M42: JFL-NAG-SSC-SW01 | N42: C9300L-48P-4X | O42: cs-17-2-2 | Q42: Non-Core | R42: Closed | S42: Third Party Device issue | T42: DHCP New device detected | U42: We have blocked Mac address.New dhcp server detected issue has been resolved. . now closed the case | V42: 46147.584 | W42: 46147.821 | X42: 341.62 | Y42: 46147.584 | Z42: 0.02 | AA42: 30 | AB42: SLA Met | AC42: 46147.602 | AD42: 46147.818 | AE42: 311.2 | AF42: 30.42 | AG42: 120 | AH42: SLA Met | AJ42: 129600 | AK42: =AJ42-AF42 -> 129569.58 | AL42: =AK42/AJ42*100 -> 99.976528 | AM42: =AJ42-AE42 -> 129288.8 | AN42: =AM42/AJ42*100 -> 99.759877
A43: Jubilant Foodworks Ltd (JFL) | B43: Alert | C43: Abhishek Satish Pawar | D43: PRO/INC/44850 | E43: aps went down | F43: Meraki Managed Services | G43: Software / Configuration | H43: Bangalore | I43: Q3AC-Y2HS-V29M | J43: Q3AC-Y2HS-V29M | K43: NA | L43: AP | M43: 1F-AP26-R5-SW02-34P | N43: MR46 | O43: wireless-31-1-8 | Q43: Non-Core | R43: Closed | S43: Device Power Issues | T43: power issue | U43: resolved | V43: 46147.981 | W43: 46156.503 | X43: 12272.37 | Y43: 46147.981 | Z43: 0.02 | AA43: 30 | AB43: SLA Met | AC43: 46147.982 | AD43: 46156.501 | AE43: 12266.73 | AF43: 5.63 | AG43: 120 | AH43: SLA Met | AJ43: 129600 | AK43: =AJ43-AF43 -> 129594.37 | AL43: =AK43/AJ43*100 -> 99.995656 | AM43: =AJ43-AE43 -> 117333.27 | AN43: =AM43/AJ43*100 -> 90.534931
A44: Jubilant Foodworks Ltd (JFL) | B44: Alert | C44: Abhishek Satish Pawar | D44: PRO/INC/44851 | E44: aps went down | F44: Meraki Managed Services | G44: Software / Configuration | H44: Bangalore | I44: Q3AC-RQJS-FY3M | J44: Q3AC-RQJS-FY3M | K44: NA | L44: AP | M44: 1F-AP14-R04-SW02-11P | N44: MR46 | O44: wireless-31-1-8 | Q44: Non-Core | R44: Closed | S44: Device Power Issues | T44: power issue | U44: resolved | V44: 46147.981 | W44: 46156.503 | X44: 12272.32 | Y44: 46147.981 | Z44: 0 | AA44: 30 | AB44: SLA Met | AC44: 46147.984 | AD44: 46156.502 | AE44: 12266.82 | AF44: 5.5 | AG44: 120 | AH44: SLA Met | AJ44: 129600 | AK44: =AJ44-AF44 -> 129594.5 | AL44: =AK44/AJ44*100 -> 99.995756 | AM44: =AJ44-AE44 -> 117333.18 | AN44: =AM44/AJ44*100 -> 90.534861
A45: Jubilant Foodworks Ltd (JFL) | B45: Alert | C45: Abhishek Satish Pawar | D45: PRO/INC/44853 | E45: aps went down | F45: Meraki Managed Services | G45: Software / Configuration | H45: Bangalore | I45: Q3AC-DZAX-3FNP | J45: Q3AC-DZAX-3FNP | K45: NA | L45: AP | M45: 1F-AP13-R04-SW02-13P | N45: MR46 | O45: wireless-31-1-8 | Q45: Non-Core | R45: Closed | S45: Device Power Issues | T45: power issue | U45: resolved | V45: 46147.981 | W45: 46156.505 | X45: 12274.23 | Y45: 46147.981 | Z45: 0.02 | AA45: 30 | AB45: SLA Met | AC45: 46147.985 | AD45: 46156.504 | AE45: 12267.5 | AF45: 6.73 | AG45: 120 | AH45: SLA Met | AJ45: 129600 | AK45: =AJ45-AF45 -> 129593.27 | AL45: =AK45/AJ45*100 -> 99.994807 | AM45: =AJ45-AE45 -> 117332.5 | AN45: =AM45/AJ45*100 -> 90.534336
A46: Jubilant Foodworks Ltd (JFL) | B46: Alert | C46: Abhishek Satish Pawar | D46: PRO/INC/44852 | E46: aps went down | F46: Meraki Managed Services | G46: Software / Configuration | H46: Bangalore | I46: Q3AC-E8LA-PVD4 | J46: Q3AC-E8LA-PVD4 | K46: NA | L46: AP | M46: 1F-AP10-R05-SW02-44P | N46: MR46 | O46: wireless-31-1-8 | Q46: Non-Core | R46: Closed | S46: Device Power Issues | T46: power issue | U46: resolved | V46: 46147.981 | W46: 46156.506 | X46: 12275.23 | Y46: 46147.981 | Z46: 0 | AA46: 30 | AB46: SLA Met | AC46: 46147.984 | AD46: 46156.505 | AE46: 12269.57 | AF46: 5.67 | AG46: 120 | AH46: SLA Met | AJ46: 129600 | AK46: =AJ46-AF46 -> 129594.33 | AL46: =AK46/AJ46*100 -> 99.995625 | AM46: =AJ46-AE46 -> 117330.43 | AN46: =AM46/AJ46*100 -> 90.532739
A47: Jubilant Foodworks Ltd (JFL) | B47: Alert | C47: Abhishek Satish Pawar | D47: PRO/INC/44988 | E47: switches went down | F47: Meraki Managed Services | G47: Software / Configuration | H47: Greater Noida | I47: Q5TN-NF5F-N32X | J47: Q5TN-NF5F-N32X | K47: Core | L47: SW | M47: JFL-GNSC-CORE-SW-ST-01 [1] | N47: C9300X-24Y | O47: ios-xe-17-15-4 | Q47: Core | R47: Closed | S47: Device Power Issues | T47: power issue | U47: After restore issue has been resolved | V47: 46150.096 | W47: 46153.354 | X47: 4691.15 | Y47: 46150.096 | Z47: 0.02 | AA47: 30 | AB47: SLA Met | AC47: 46150.098 | AD47: 46153.353 | AE47: 4687.18 | AF47: 3.97 | AG47: 120 | AH47: SLA Met | AJ47: 129600 | AK47: =AJ47-AF47 -> 129596.03 | AL47: =AK47/AJ47*100 -> 99.996937 | AM47: =AJ47-AE47 -> 124912.82 | AN47: =AM47/AJ47*100 -> 96.383349
A48: Jubilant Foodworks Ltd (JFL) | B48: Alert | C48: Aneesh P S | D48: PRO/INC/45099 | E48: aps went down | F48: Meraki Managed Services | G48: Software / Configuration | H48: Mohali | I48: Q5AR-A7VQ-MZJM | J48: Q5AR-A7VQ-MZJM | K48: NA | L48: AP | M48: JFL-Mohali-SCC-AP13 | N48: CW9166I | O48: wireless-31-1-7 | Q48: Non-Core | R48: Closed | S48: Device Power Issues | T48: Power Issue | U48: Device Power Issues | V48: 46152.438 | W48: 46153.375 | X48: 1349.37 | Y48: 46152.438 | Z48: 0.02 | AA48: 30 | AB48: SLA Met | AC48: 46152.445 | AD48: 46153.337 | AE48: 1284.77 | AF48: 64.6 | AG48: 120 | AH48: SLA Met | AJ48: 129600 | AK48: =AJ48-AF48 -> 129535.4 | AL48: =AK48/AJ48*100 -> 99.950154 | AM48: =AJ48-AE48 -> 128315.23 | AN48: =AM48/AJ48*100 -> 99.008665
A49: Jubilant Foodworks Ltd (JFL) | B49: Alert | C49: Aneesh P S | D49: PRO/INC/45327 | E49: aps went down | F49: Meraki Managed Services | G49: Software / Configuration | H49: Greater Noida | I49: Q3KG-JH9T-FL7Z | J49: Q3KG-JH9T-FL7Z | K49: NA | L49: AP | M49: JFL-GNSC-AP48 | N49: MR86 | O49: wireless-31-1-7 | Q49: Non-Core | R49: Closed | S49: Device Power Issues | T49: POWER ISSUE | U49: Device power issues | V49: 46154.933 | W49: 46155.017 | X49: 120.32 | Y49: 46154.933 | Z49: 0.02 | AA49: 30 | AB49: SLA Met | AC49: 46154.937 | AD49: 46155.013 | AE49: 109.78 | AF49: 10.53 | AG49: 120 | AH49: SLA Met | AJ49: 129600 | AK49: =AJ49-AF49 -> 129589.47 | AL49: =AK49/AJ49*100 -> 99.991875 | AM49: =AJ49-AE49 -> 129490.22 | AN49: =AM49/AJ49*100 -> 99.915293
A50: Jubilant Foodworks Ltd (JFL) | B50: Email | C50: Kartik Choudhary | D50: PRO/INC/45342 | E50: Request to Whitelist New MAC Address for Mohali SCC Desktop | F50: Meraki Managed Services | G50: Change Request | H50: Mohali | I50: Q5JJ-3TZH-2HV5 | J50: Q5JJ-3TZH-2HV5 | K50: CORE | L50: SW | M50: JFL-MOHALI-CORE-01 | N50: C9300L-48P-4X | O50: cs-17-2-1 | Q50: P4 | R50: Closed | S50: New Configuration | U50: Required changes has been made successfully and same has been confirmed with customer. | V50: 46155.588 | W50: 46155.64 | X50: 74.45 | Y50: 46155.588 | Z50: 0 | AA50: 30 | AB50: SLA Met | AE50: 0 | AF50: 74.45 | AG50: 2880 | AH50: SLA Met | AJ50: 129600 | AK50: =AJ50-AF50 -> 129525.55 | AL50: =AK50/AJ50*100 -> 99.942554 | AM50: =AJ50-AE50 -> 129600 | AN50: =AM50/AJ50*100 -> 100
A51: Jubilant Foodworks Ltd (JFL) | B51: Alert | C51: Aneesh P S | D51: PRO/INC/45359 | E51: aps went down | F51: Meraki Managed Services | G51: Software / Configuration | H51: Greater Noida | I51: Q3KG-Y2PU-4DWW | J51: Q3KG-Y2PU-4DWW | K51: NA | L51: AP | M51: JFL-GNSC-AP55 | N51: MR86 | O51: wireless-31-1-7 | Q51: Non-Core | R51: Closed | S51: Device Power Issues | T51: Device Power Issues | U51: Device Power Issue | V51: 46156.274 | W51: 46156.292 | X51: 26.03 | Y51: 46156.274 | Z51: 0.02 | AA51: 30 | AB51: SLA Met | AC51: 46156.28 | AD51: 46156.281 | AE51: 1.47 | AF51: 24.57 | AG51: 120 | AH51: SLA Met | AJ51: 129600 | AK51: =AJ51-AF51 -> 129575.43 | AL51: =AK51/AJ51*100 -> 99.981042 | AM51: =AJ51-AE51 -> 129598.53 | AN51: =AM51/AJ51*100 -> 99.998866
A52: Jubilant Foodworks Ltd (JFL) | B52: Alert | C52: Dharmendra Bhadoriya | D52: PRO/INC/45363 | E52: aps went down | F52: Meraki Managed Services | G52: Software / Configuration | H52: Greater Noida | I52: Q3KG-GWW5-CHJC | J52: Q3KG-GWW5-CHJC | K52: NA | L52: AP | M52: JFL-GNSC-AP52 | N52: MR86 | O52: wireless-31-1-7 | Q52: Non-Core | R52: Closed | S52: Device Power Issues | T52: Power Issue | U52: After restore issue has been resolved | V52: 46156.364 | W52: 46168.455 | X52: 17410.85 | Y52: 46156.364 | Z52: 0.02 | AA52: 30 | AB52: SLA Met | AC52: 46156.368 | AD52: 46168.451 | AE52: 17399.63 | AF52: 11.22 | AG52: 120 | AH52: SLA Met | AJ52: 129600 | AK52: =AJ52-AF52 -> 129588.78 | AL52: =AK52/AJ52*100 -> 99.991343 | AM52: =AJ52-AE52 -> 112200.37 | AN52: =AM52/AJ52*100 -> 86.57436
A53: Jubilant Foodworks Ltd (JFL) | B53: Alert | C53: Arvind Kumar Arya | D53: PRO/INC/45367 | E53: aps went down | F53: Meraki Managed Services | G53: Software / Configuration | H53: Greater Noida | I53: Q3KG-GWW5-CHJC | J53: Q3KG-GWW5-CHJC | K53: NA | L53: AP | M53: JFL-GNSC-AP52 | N53: MR86 | O53: wireless-31-1-7 | Q53: Non-Core | R53: Closed | S53: Device Power Issues | T53: ISP issue or Power issue | U53: Power issue | V53: 46156.393 | W53: 46156.675 | X53: 406.43 | Y53: 46156.393 | Z53: 0 | AA53: 30 | AB53: SLA Met | AC53: 46156.429 | AD53: 46156.674 | AE53: 353.43 | AF53: 53 | AG53: 120 | AH53: SLA Met | AJ53: 129600 | AK53: =AJ53-AF53 -> 129547 | AL53: =AK53/AJ53*100 -> 99.959105 | AM53: =AJ53-AE53 -> 129246.57 | AN53: =AM53/AJ53*100 -> 99.727292
A54: Jubilant Foodworks Ltd (JFL) | B54: Alert | C54: Dharmendra Bhadoriya | D54: PRO/INC/45370 | E54: aps went down | F54: Meraki Managed Services | G54: Software / Configuration | H54: Greater Noida | I54: Q3KG-GWW5-CHJC | J54: Q3KG-GWW5-CHJC | K54: NA | L54: AP | M54: JFL-GNSC-AP52 | N54: MR86 | O54: wireless-31-1-7 | Q54: Non-Core | R54: Closed | S54: Device Power Issues | T54: Power Issue | U54: After restore issue has been resolved | V54: 46156.431 | W54: 46168.456 | X54: 17316.23 | Y54: 46156.431 | Z54: 0.02 | AA54: 30 | AB54: SLA Met | AC54: 46156.433 | AD54: 46168.453 | AE54: 17309.37 | AF54: 6.87 | AG54: 120 | AH54: SLA Met | AJ54: 129600 | AK54: =AJ54-AF54 -> 129593.13 | AL54: =AK54/AJ54*100 -> 99.994699 | AM54: =AJ54-AE54 -> 112290.63 | AN54: =AM54/AJ54*100 -> 86.644005
A55: Jubilant Foodworks Ltd (JFL) | B55: Alert | C55: Arvind Kumar Arya | D55: PRO/INC/45373 | E55: aps went down | F55: Meraki Managed Services | G55: Software / Configuration | H55: Greater Noida | I55: Q3KG-XSEX-EG6A | J55: Q3KG-XSEX-EG6A | K55: NA | L55: AP | M55: JFL-GNSC-AP60 | N55: MR86 | O55: wireless-31-1-7 | Q55: Non-Core | R55: Closed | S55: Device Power Issues | T55: ISP issue or Power issue | U55: Power issue | V55: 46156.448 | W55: 46156.678 | X55: 330.68 | Y55: 46156.448 | Z55: 0 | AA55: 30 | AB55: SLA Met | AC55: 46156.464 | AD55: 46156.675 | AE55: 304.58 | AF55: 26.1 | AG55: 120 | AH55: SLA Met | AJ55: 129600 | AK55: =AJ55-AF55 -> 129573.9 | AL55: =AK55/AJ55*100 -> 99.979861 | AM55: =AJ55-AE55 -> 129295.42 | AN55: =AM55/AJ55*100 -> 99.764985
A56: Jubilant Foodworks Ltd (JFL) | B56: Alert | C56: Arvind Kumar Arya | D56: PRO/INC/45379 | E56: aps went down | F56: Meraki Managed Services | G56: Software / Configuration | H56: Greater Noida | I56: Q3KG-8U94-FMUC | J56: Q3KG-8U94-FMUC | K56: NA | L56: AP | M56: JFL-GNSC-AP56 | N56: MR86 | O56: wireless-31-1-7 | Q56: Non-Core | R56: Closed | S56: Device Power Issues | T56: isp issue or power issue | U56: Power issue | V56: 46156.453 | W56: 46156.679 | X56: 325.67 | Y56: 46156.453 | Z56: 0 | AA56: 30 | AB56: SLA Met | AC56: 46156.464 | AD56: 46156.679 | AE56: 308.37 | AF56: 17.3 | AG56: 120 | AH56: SLA Met | AJ56: 129600 | AK56: =AJ56-AF56 -> 129582.7 | AL56: =AK56/AJ56*100 -> 99.986651 | AM56: =AJ56-AE56 -> 129291.63 | AN56: =AM56/AJ56*100 -> 99.76206
A57: Jubilant Foodworks Ltd (JFL) | B57: Alert | C57: Arvind Kumar Arya | D57: PRO/INC/45381 | E57: aps went down | F57: Meraki Managed Services | G57: Software / Configuration | H57: Greater Noida | I57: Q3KG-Y2PU-4DWW | J57: Q3KG-Y2PU-4DWW | K57: NA | L57: AP | M57: JFL-GNSC-AP55 | N57: MR86 | O57: wireless-31-1-7 | Q57: Non-Core | R57: Closed | S57: Device Power Issues | T57: isp issue or power issue | U57: Power issue | V57: 46156.453 | W57: 46156.681 | X57: 327.52 | Y57: 46156.453 | Z57: 0.02 | AA57: 30 | AB57: SLA Met | AC57: 46156.465 | AD57: 46156.679 | AE57: 308.63 | AF57: 18.88 | AG57: 120 | AH57: SLA Met | AJ57: 129600 | AK57: =AJ57-AF57 -> 129581.12 | AL57: =AK57/AJ57*100 -> 99.985432 | AM57: =AJ57-AE57 -> 129291.37 | AN57: =AM57/AJ57*100 -> 99.76186
A58: Jubilant Foodworks Ltd (JFL) | B58: Alert | C58: Kartik Choudhary | D58: PRO/INC/45519 | E58: aps went down | F58: Meraki Managed Services | G58: Software / Configuration | H58: Greater Noida | I58: Q3KG-XSEX-EG6A | J58: Q3KG-XSEX-EG6A | K58: NA | L58: AP | M58: JFL-GNSC-AP60 | N58: MR86 | O58: wireless-31-1-7 | Q58: Non-Core | R58: Closed | S58: Device Boot Issues | U58: Device boot issue | V58: 46157.566 | W58: 46157.575 | X58: 12.77 | Y58: 46157.566 | Z58: 0.02 | AA58: 30 | AB58: SLA Met | AE58: 0 | AF58: 12.77 | AG58: 120 | AH58: SLA Met | AJ58: 129600 | AK58: =AJ58-AF58 -> 129587.23 | AL58: =AK58/AJ58*100 -> 99.990147 | AM58: =AJ58-AE58 -> 129600 | AN58: =AM58/AJ58*100 -> 100
A59: Jubilant Foodworks Ltd (JFL) | B59: Alert | C59: Kartik Choudhary | D59: PRO/INC/45518 | E59: aps went down | F59: Meraki Managed Services | G59: Software / Configuration | H59: Greater Noida | I59: Q3KG-Y2PU-4DWW | J59: Q3KG-Y2PU-4DWW | K59: NA | L59: AP | M59: JFL-GNSC-AP55 | N59: MR86 | O59: wireless-31-1-7 | Q59: Non-Core | R59: Closed | S59: Device Boot Issues | U59: Device boot issue | V59: 46157.566 | W59: 46157.578 | X59: 16.77 | Y59: 46157.566 | Z59: 0.02 | AA59: 30 | AB59: SLA Met | AE59: 0 | AF59: 16.77 | AG59: 120 | AH59: SLA Met | AJ59: 129600 | AK59: =AJ59-AF59 -> 129583.23 | AL59: =AK59/AJ59*100 -> 99.98706 | AM59: =AJ59-AE59 -> 129600 | AN59: =AM59/AJ59*100 -> 100
A60: Jubilant Foodworks Ltd (JFL) | B60: Alert | C60: Kartik Choudhary | D60: PRO/INC/45520 | E60: aps went down | F60: Meraki Managed Services | G60: Software / Configuration | H60: Greater Noida | I60: Q3KG-GWW5-CHJC | J60: Q3KG-GWW5-CHJC | K60: NA | L60: AP | M60: JFL-GNSC-AP52 | N60: MR86 | O60: wireless-31-1-7 | Q60: Non-Core | R60: Closed | S60: Device Boot Issues | U60: device boot issue | V60: 46157.566 | W60: 46157.579 | X60: 18.62 | Y60: 46157.566 | Z60: 0.02 | AA60: 30 | AB60: SLA Met | AE60: 0 | AF60: 18.62 | AG60: 120 | AH60: SLA Met | AJ60: 129600 | AK60: =AJ60-AF60 -> 129581.38 | AL60: =AK60/AJ60*100 -> 99.985633 | AM60: =AJ60-AE60 -> 129600 | AN60: =AM60/AJ60*100 -> 100
A61: Jubilant Foodworks Ltd (JFL) | B61: Email | C61: Kartik Choudhary | D61: PRO/INC/45528 | E61: Port Reset | JFL-NAG-SSC-SW01 /Port no. 43 JFL, Nagpur | F61: Meraki Managed Services | G61: Change Request | H61: Nagpur | I61: Q5JJ-68KZ-MXAS | J61: Q5JJ-68KZ-MXAS | K61: RACK 1 | L61: SW | M61: JFL-NAG-SSC-SW01 | N61: C9300L-48P-4X | O61: cs-17-2-2 | Q61: Non-Core | R61: Closed | S61: New Configuration | T61: We have reset the port but getting the CRC error on port so now customer is checking for cable at their end and update us to move further. | U61: As discussed over the call, we have enabled port number 43. Based on our discussion, we are proceeding with the closure of this case. Please feel free to reach out to us if any further assistance is required. | V61: 46157.727 | W61: 46161.764 | X61: 5813.13 | Y61: 46157.727 | Z61: 0 | AA61: 30 | AB61: SLA Met | AC61: 46157.74 | AD61: 46161.76 | AE61: 5788.08 | AF61: 25.05 | AG61: 120 | AH61: SLA Met | AJ61: 129600 | AK61: =AJ61-AF61 -> 129574.95 | AL61: =AK61/AJ61*100 -> 99.980671 | AM61: =AJ61-AE61 -> 123811.92 | AN61: =AM61/AJ61*100 -> 95.533889
A62: Jubilant Foodworks Ltd (JFL) | B62: Email | C62: Dheerendra Maurya | D62: PRO/INC/45588 | E62: Pls align Engineer at Greater Noida SCC || Power Maintenance Activity | F62: Meraki Managed Services | G62: Software / Configuration | H62: Greater Noida | I62: FVH2836L5EQ | J62: FVH2836L5EQ | K62: NO RACK | L62: SW | M62: 1 | N62: #N/A | O62: #N/A | Q62: P4 | R62: Closed | S62: Client Side Activity | T62: Tomorrow power shut down activity | U62: Power shutdown activity has been completed. We are now closing the case. | V62: 46158.577 | W62: 46160.635 | X62: 2963.4 | Y62: 46158.577 | Z62: 0 | AA62: 30 | AB62: SLA Met | AC62: 46158.59 | AD62: 46160.633 | AE62: 2941.12 | AF62: 22.28 | AG62: 2880 | AH62: SLA Met | AJ62: 129600 | AK62: =AJ62-AF62 -> 129577.72 | AL62: =AK62/AJ62*100 -> 99.982809 | AM62: =AJ62-AE62 -> 126658.88 | AN62: =AM62/AJ62*100 -> 97.730617
A63: Jubilant Foodworks Ltd (JFL) | B63: Alert | C63: Dharmendra Bhadoriya | D63: PRO/INC/45631 | E63: switches went down | F63: Meraki Managed Services | G63: Software / Configuration | H63: Guwahati | I63: Q5JG-AQNW-P9FB | J63: Q5JG-AQNW-P9FB | K63: CORE | L63: SW | M63: JFL-Guwahati-CORE-02 | N63: C9300L-24P-4X | O63: IOS XE 17.15.5 | Q63: Core | R63: Closed | S63: Device Power Issues | T63: power issue | U63: After restore issue has been resolved | V63: 46159.457 | W63: 46160.388 | X63: 1340.78 | Y63: 46159.457 | Z63: 0.02 | AA63: 30 | AB63: SLA Met | AC63: 46159.466 | AD63: 46160.386 | AE63: 1324.42 | AF63: 16.37 | AG63: 120 | AH63: SLA Met | AJ63: 129600 | AK63: =AJ63-AF63 -> 129583.63 | AL63: =AK63/AJ63*100 -> 99.987369 | AM63: =AJ63-AE63 -> 128275.58 | AN63: =AM63/AJ63*100 -> 98.978071
A64: Jubilant Foodworks Ltd (JFL) | B64: Alert | C64: Dharmendra Bhadoriya | D64: PRO/INC/45632 | E64: aps went down | F64: Meraki Managed Services | G64: Software / Configuration | H64: Guwahati | I64: Q3KG-ZJZJ-WWH5 | J64: Q3KG-ZJZJ-WWH5 | K64: NA | L64: AP | M64: JFL-Guwahati-SSC-AP-02 | N64: MR86 | O64: MR 32.1.7 | Q64: Non-Core | R64: Closed | S64: Device Power Issues | T64: power issue | U64: After restore issue has been resolved | V64: 46159.457 | W64: 46160.385 | X64: 1335.78 | Y64: 46159.457 | Z64: 0.02 | AA64: 30 | AB64: SLA Met | AC64: 46159.466 | AD64: 46160.383 | AE64: 1320.47 | AF64: 15.32 | AG64: 120 | AH64: SLA Met | AJ64: 129600 | AK64: =AJ64-AF64 -> 129584.68 | AL64: =AK64/AJ64*100 -> 99.988179 | AM64: =AJ64-AE64 -> 128279.53 | AN64: =AM64/AJ64*100 -> 98.981119
A65: Jubilant Foodworks Ltd (JFL) | B65: Alert | C65: Dharmendra Bhadoriya | D65: PRO/INC/45951 | E65: switches went down | F65: Meraki Managed Services | G65: Software / Configuration | H65: Mohali | I65: Q3LP-2PSJ-6DLB | J65: Q3LP-2PSJ-6DLB | K65: TRANSPORT ROOM | L65: SW | M65: JFL-MOHALI-ACC-SW-01(Transport Room) | N65: MS130-12X | O65: switch-17-2-1 | Q65: Core | R65: Closed | S65: Device Power Issues | T65: power issue | U65: After Restore issue has been resolved | V65: 46159.692 | W65: 46168.464 | X65: 12630.97 | Y65: 46159.692 | Z65: 0.02 | AA65: 30 | AB65: SLA Met | AC65: 46159.694 | AD65: 46168.462 | AE65: 12626 | AF65: 4.97 | AG65: 120 | AH65: SLA Met | AJ65: 129600 | AK65: =AJ65-AF65 -> 129595.03 | AL65: =AK65/AJ65*100 -> 99.996165 | AM65: =AJ65-AE65 -> 116974 | AN65: =AM65/AJ65*100 -> 90.257716
A66: Jubilant Foodworks Ltd (JFL) | B66: Alert | C66: Dharmendra Bhadoriya | D66: PRO/INC/45952 | E66: aps went down | F66: Meraki Managed Services | G66: Software / Configuration | H66: Mohali | I66: Q5AR-A7VQ-MZJM | J66: Q5AR-A7VQ-MZJM | K66: NA | L66: AP | M66: JFL-Mohali-SCC-AP13 | N66: CW9166I | O66: wireless-31-1-7 | Q66: Non-Core | R66: Closed | S66: Device Power Issues | T66: power issue | U66: After restore issue has been resolved | V66: 46159.692 | W66: 46168.464 | X66: 12630.97 | Y66: 46159.692 | Z66: 0.02 | AA66: 30 | AB66: SLA Met | AC66: 46159.693 | AD66: 46168.46 | AE66: 12624.38 | AF66: 6.58 | AG66: 120 | AH66: SLA Met | AJ66: 129600 | AK66: =AJ66-AF66 -> 129593.42 | AL66: =AK66/AJ66*100 -> 99.994923 | AM66: =AJ66-AE66 -> 116975.62 | AN66: =AM66/AJ66*100 -> 90.258966
A67: Jubilant Foodworks Ltd (JFL) | B67: Alert | C67: Dharmendra Bhadoriya | D67: PRO/INC/45960 | E67: switches went down | F67: Meraki Managed Services | G67: Software / Configuration | H67: Mohali | I67: Q3LP-2PSJ-6DLB | J67: Q3LP-2PSJ-6DLB | K67: TRANSPORT ROOM | L67: SW | M67: JFL-MOHALI-ACC-SW-01(Transport Room) | N67: MS130-12X | O67: switch-17-2-1 | Q67: Core | R67: Closed | S67: Device Power Issues | T67: power issue | U67: After Restore issue has been resolved | V67: 46159.738 | W67: 46168.465 | X67: 12566.33 | Y67: 46159.738 | Z67: 0.02 | AA67: 30 | AB67: SLA Met | AC67: 46159.74 | AD67: 46168.463 | AE67: 12561.45 | AF67: 4.88 | AG67: 120 | AH67: SLA Met | AJ67: 129600 | AK67: =AJ67-AF67 -> 129595.12 | AL67: =AK67/AJ67*100 -> 99.996235 | AM67: =AJ67-AE67 -> 117038.55 | AN67: =AM67/AJ67*100 -> 90.307523
A68: Jubilant Foodworks Ltd (JFL) | B68: Alert | C68: Arvind Kumar Arya | D68: PRO/INC/45966 | E68: new dhcp server detected | F68: Meraki Managed Services | G68: Software / Configuration | H68: Nagpur | I68: Q5JJ-68KZ-MXAS | J68: Q5JJ-68KZ-MXAS | K68: RACK 1 | L68: SW | M68: JFL-NAG-SSC-SW01 | N68: C9300L-48P-4X | O68: cs-17-2-2 | Q68: Non-Core | R68: Closed | S68: Client Side Activity | T68: checking new server. | U68: resolved | V68: 46160.221 | W68: 46174.527 | X68: 20601.43 | Y68: 46160.221 | Z68: 0 | AA68: 30 | AB68: SLA Met | AC68: 46160.222 | AD68: 46174.524 | AE68: 20594.05 | AF68: 7.38 | AG68: 120 | AH68: SLA Met | AJ68: 129600 | AK68: =AJ68-AF68 -> 129592.62 | AL68: =AK68/AJ68*100 -> 99.994306 | AM68: =AJ68-AE68 -> 109005.95 | AN68: =AM68/AJ68*100 -> 84.109529
A69: Jubilant Foodworks Ltd (JFL) | B69: Email | C69: Kartik Choudhary | D69: PRO/INC/46268 | E69: Port Reset | JFL, Nagpur | F69: Meraki Managed Services | G69: Change Request | H69: Nagpur | I69: Q5JG-TM9S-PLFP | J69: Q5JG-TM9S-PLFP | K69: RACK 2 | L69: SW | M69: JFL-NAG-SSC-SW02 | N69: C9300L-24P-4X | O69: cs-17-2-2 | Q69: P4 | R69: Closed | S69: New Configuration | U69: Required changes has been made as per customer confirmation and its working fine. Same has been confirmed with customer. | V69: 46163.564 | W69: 46164.65 | X69: 1564.13 | Y69: 46163.564 | Z69: 0 | AA69: 30 | AB69: SLA Met | AC69: 46163.582 | AD69: 46164.648 | AE69: 1534.65 | AF69: 29.48 | AG69: 2880 | AH69: SLA Met | AJ69: 129600 | AK69: =AJ69-AF69 -> 129570.52 | AL69: =AK69/AJ69*100 -> 99.977253 | AM69: =AJ69-AE69 -> 128065.35 | AN69: =AM69/AJ69*100 -> 98.815856
A70: Jubilant Foodworks Ltd (JFL) | B70: Alert | C70: Aneesh P S | D70: PRO/INC/46310 | E70: new dhcp server detected | F70: Meraki Managed Services | G70: Software / Configuration | H70: Nagpur | I70: Q5JJ-68KZ-MXAS | J70: Q5JJ-68KZ-MXAS | K70: RACK 1 | L70: SW | M70: JFL-NAG-SSC-SW01 | N70: C9300L-48P-4X | O70: cs-17-2-2 | Q70: Non-Core | R70: Closed | S70: Third Party Device issue | T70: client-side activity | U70: new DHCP server detected As per customer confirmation blocked that | V70: 46165.126 | W70: 46169.347 | X70: 6076.87 | Y70: 46165.126 | Z70: 0.02 | AA70: 30 | AB70: SLA Met | AC70: 46165.128 | AD70: 46169.345 | AE70: 6072.82 | AF70: 4.05 | AG70: 120 | AH70: SLA Met | AJ70: 129600 | AK70: =AJ70-AF70 -> 129595.95 | AL70: =AK70/AJ70*100 -> 99.996875 | AM70: =AJ70-AE70 -> 123527.18 | AN70: =AM70/AJ70*100 -> 95.314182
A71: Jubilant Foodworks Ltd (JFL) | B71: Alert | C71: Dharmendra Bhadoriya | D71: PRO/INC/46727 | E71: switches went down | F71: Meraki Managed Services | G71: Software / Configuration | H71: Mohali | I71: Q5JG-NJW9-ABBQ | J71: Q5JG-NJW9-ABBQ | K71: CORE | L71: SW | M71: JFL-MOHALI-CORE-02 | N71: C9300L-24P-4X | O71: cs-17-2-1 | Q71: Core | R71: Closed | S71: Device Power Issues | T71: checking with local team and on the dashboard | U71: After Restore issue has been resolved | V71: 46166.549 | W71: 46168.467 | X71: 2762.67 | Y71: 46166.549 | Z71: 0.02 | AA71: 30 | AB71: SLA Met | AC71: 46166.55 | AD71: 46168.465 | AE71: 2758.48 | AF71: 4.18 | AG71: 120 | AH71: SLA Met | AJ71: 129600 | AK71: =AJ71-AF71 -> 129595.82 | AL71: =AK71/AJ71*100 -> 99.996775 | AM71: =AJ71-AE71 -> 126841.52 | AN71: =AM71/AJ71*100 -> 97.871543
A72: Jubilant Foodworks Ltd (JFL) | B72: Alert | C72: Dharmendra Bhadoriya | D72: PRO/INC/46728 | E72: switches went down | F72: Meraki Managed Services | G72: Software / Configuration | H72: Mohali | I72: Q3LP-2PSJ-6DLB | J72: Q3LP-2PSJ-6DLB | K72: TRANSPORT ROOM | L72: SW | M72: JFL-MOHALI-ACC-SW-01(Transport Room) | N72: MS130-12X | O72: switch-17-2-1 | Q72: Core | R72: Closed | S72: Device Power Issues | T72: checking with the local team and on the dashboard | U72: After Restore issue has been resolved | V72: 46166.549 | W72: 46168.471 | X72: 2767.6 | Y72: 46166.549 | Z72: 0 | AA72: 30 | AB72: SLA Met | AC72: 46166.552 | AD72: 46168.469 | AE72: 2761.17 | AF72: 6.43 | AG72: 120 | AH72: SLA Met | AJ72: 129600 | AK72: =AJ72-AF72 -> 129593.57 | AL72: =AK72/AJ72*100 -> 99.995039 | AM72: =AJ72-AE72 -> 126838.83 | AN72: =AM72/AJ72*100 -> 97.869468
A73: Jubilant Foodworks Ltd (JFL) | B73: Alert | C73: Dharmendra Bhadoriya | D73: PRO/INC/46729 | E73: aps went down | F73: Meraki Managed Services | G73: Software / Configuration | H73: Mohali | I73: Q5AA-MHPW-2YA8 | J73: Q5AA-MHPW-2YA8 | K73: NA | L73: AP | M73: JFL-Mohali-SCC-AP14 | N73: CW9162I | O73: wireless-31-1-7 | Q73: Non-Core | R73: Closed | S73: Device Power Issues | T73: checking with the local team and on the dashboard | U73: After Restore issue has been resolved | V73: 46166.549 | W73: 46168.471 | X73: 2767.6 | Y73: 46166.549 | Z73: 0.02 | AA73: 30 | AB73: SLA Met | AC73: 46166.551 | AD73: 46168.467 | AE73: 2759.9 | AF73: 7.7 | AG73: 120 | AH73: SLA Met | AJ73: 129600 | AK73: =AJ73-AF73 -> 129592.3 | AL73: =AK73/AJ73*100 -> 99.994059 | AM73: =AJ73-AE73 -> 126840.1 | AN73: =AM73/AJ73*100 -> 97.870448
A74: Jubilant Foodworks Ltd (JFL) | B74: Alert | C74: Dharmendra Bhadoriya | D74: PRO/INC/46730 | E74: aps went down | F74: Meraki Managed Services | G74: Software / Configuration | H74: Mohali | I74: Q3KG-9RDD-U5HG | J74: Q3KG-9RDD-U5HG | K74: NA | L74: AP | M74: JFL-Mohali-SCC-AP12 | N74: MR86 | O74: wireless-31-1-7 | Q74: Non-Core | R74: Closed | S74: Device Power Issues | T74: checking with the local team and on the dashboard | U74: After Restore issue has been resolved | V74: 46166.549 | W74: 46168.474 | X74: 2771.5 | Y74: 46166.549 | Z74: 0 | AA74: 30 | AB74: SLA Met | AC74: 46166.553 | AD74: 46168.471 | AE74: 2762.92 | AF74: 8.58 | AG74: 120 | AH74: SLA Met | AJ74: 129600 | AK74: =AJ74-AF74 -> 129591.42 | AL74: =AK74/AJ74*100 -> 99.99338 | AM74: =AJ74-AE74 -> 126837.08 | AN74: =AM74/AJ74*100 -> 97.868117
A75: Jubilant Foodworks Ltd (JFL) | B75: Alert | C75: Dharmendra Bhadoriya | D75: PRO/INC/46798 | E75: switches went down | F75: Meraki Managed Services | G75: Software / Configuration | H75: Mohali | I75: Q3LM-TGAF-Q97P | J75: Q3LM-TGAF-Q97P | K75: WAREHOUSE | L75: SW | M75: JFL-MOHALI-ACC-SW-02 | N75: MS130-8P | O75: switch-17-2-1 | Q75: Core | R75: Closed | S75: Device Power Issues | T75: Checking with the local team and on the meraki dashboard | U75: After Restore issue has been resolved | V75: 46166.621 | W75: 46168.476 | X75: 2670.52 | Y75: 46166.621 | Z75: 0.02 | AA75: 30 | AB75: SLA Met | AC75: 46166.626 | AD75: 46168.473 | AE75: 2659.47 | AF75: 11.05 | AG75: 120 | AH75: SLA Met | AJ75: 129600 | AK75: =AJ75-AF75 -> 129588.95 | AL75: =AK75/AJ75*100 -> 99.991474 | AM75: =AJ75-AE75 -> 126940.53 | AN75: =AM75/AJ75*100 -> 97.94794
A76: Jubilant Foodworks Ltd (JFL) | B76: Alert | C76: Dharmendra Bhadoriya | D76: PRO/INC/46799 | E76: aps went down | F76: Meraki Managed Services | G76: Software / Configuration | H76: Mohali | I76: Q5AA-E8FN-53RX | J76: Q5AA-E8FN-53RX | K76: NA | L76: AP | M76: JFL-Mohali-SCC-AP07 | N76: CW9162I | O76: wireless-31-1-7 | Q76: Non-Core | R76: Closed | S76: Device Power Issues | T76: Checking with the local team and on the meraki dashboard | U76: After Restore issue has been resolved | V76: 46166.621 | W76: 46168.478 | X76: 2674.37 | Y76: 46166.621 | Z76: 0.02 | AA76: 30 | AB76: SLA Met | AC76: 46166.625 | AD76: 46168.474 | AE76: 2661.78 | AF76: 12.58 | AG76: 120 | AH76: SLA Met | AJ76: 129600 | AK76: =AJ76-AF76 -> 129587.42 | AL76: =AK76/AJ76*100 -> 99.990293 | AM76: =AJ76-AE76 -> 126938.22 | AN76: =AM76/AJ76*100 -> 97.946157
A77: Jubilant Foodworks Ltd (JFL) | B77: Alert | C77: Dharmendra Bhadoriya | D77: PRO/INC/46800 | E77: aps went down | F77: Meraki Managed Services | G77: Software / Configuration | H77: Mohali | I77: Q5AA-8PQC-7V98 | J77: Q5AA-8PQC-7V98 | K77: NA | L77: AP | M77: JFL-Mohali-SCC-AP06 | N77: CW9162I | O77: wireless-31-1-7 | Q77: Non-Core | R77: Closed | S77: Device Power Issues | T77: checking with the local team and on the dashboard | U77: After Restore issue has been resolved | V77: 46166.621 | W77: 46168.478 | X77: 2674.32 | Y77: 46166.621 | Z77: 0.02 | AA77: 30 | AB77: SLA Met | AC77: 46166.624 | AD77: 46168.475 | AE77: 2664.87 | AF77: 9.45 | AG77: 120 | AH77: SLA Met | AJ77: 129600 | AK77: =AJ77-AF77 -> 129590.55 | AL77: =AK77/AJ77*100 -> 99.992708 | AM77: =AJ77-AE77 -> 126935.13 | AN77: =AM77/AJ77*100 -> 97.943773
A78: Jubilant Foodworks Ltd (JFL) | B78: Alert | C78: Dharmendra Bhadoriya | D78: PRO/INC/46815 | E78: new dhcp server detected | F78: Meraki Managed Services | G78: Software / Configuration | H78: Nagpur | I78: Q5JG-TM9S-PLFP | J78: Q5JG-TM9S-PLFP | K78: RACK 2 | L78: SW | M78: JFL-NAG-SSC-SW02 | N78: C9300L-24P-4X | O78: cs-17-2-2 | Q78: Non-Core | R78: Closed | S78: Client Side Activity | T78: client side activity | U78: block | V78: 46167.371 | W78: 46175.394 | X78: 11552.18 | Y78: 46167.371 | Z78: 0 | AA78: 30 | AB78: SLA Met | AC78: 46167.388 | AD78: 46175.391 | AE78: 11524.92 | AF78: 27.27 | AG78: 120 | AH78: SLA Met | AJ78: 129600 | AK78: =AJ78-AF78 -> 129572.73 | AL78: =AK78/AJ78*100 -> 99.978958 | AM78: =AJ78-AE78 -> 118075.08 | AN78: =AM78/AJ78*100 -> 91.107315
A79: Jubilant Foodworks Ltd (JFL) | B79: Alert | C79: Jagadisha R | D79: PRO/INC/46951 | E79: aps went down | F79: Meraki Managed Services | G79: Software / Configuration | H79: Greater Noida | I79: Q5AA-JYZN-6KKB | J79: Q5AA-JYZN-6KKB | K79: NA | L79: AP | M79: JFL-GNSC-AP66 | N79: CW9162I | O79: wireless-31-1-7 | Q79: Non-Core | R79: Closed | S79: Device Power Issues | T79: power issue | U79: power issue | V79: 46167.504 | W79: 46169.39 | X79: 2715.78 | Y79: 46167.504 | Z79: 0.02 | AA79: 30 | AB79: SLA Met | AC79: 46167.506 | AD79: 46169.388 | AE79: 2710.8 | AF79: 4.98 | AG79: 120 | AH79: SLA Met | AJ79: 129600 | AK79: =AJ79-AF79 -> 129595.02 | AL79: =AK79/AJ79*100 -> 99.996157 | AM79: =AJ79-AE79 -> 126889.2 | AN79: =AM79/AJ79*100 -> 97.908333
A80: Jubilant Foodworks Ltd (JFL) | B80: Alert | C80: Jagadisha R | D80: PRO/INC/46952 | E80: aps went down | F80: Meraki Managed Services | G80: Software / Configuration | H80: Greater Noida | I80: Q3KG-J4EF-KZ54 | J80: Q3KG-J4EF-KZ54 | K80: NA | L80: AP | M80: JFL-GNSC-AP62 | N80: MR86 | O80: wireless-31-1-7 | Q80: Non-Core | R80: Closed | S80: Device Power Issues | T80: power issue | U80: power issue .. | V80: 46167.504 | W80: 46169.392 | X80: 2718.73 | Y80: 46167.504 | Z80: 0 | AA80: 30 | AB80: SLA Met | AC80: 46167.507 | AD80: 46169.39 | AE80: 2712.25 | AF80: 6.48 | AG80: 120 | AH80: SLA Met | AJ80: 129600 | AK80: =AJ80-AF80 -> 129593.52 | AL80: =AK80/AJ80*100 -> 99.995 | AM80: =AJ80-AE80 -> 126887.75 | AN80: =AM80/AJ80*100 -> 97.907215
A81: Jubilant Foodworks Ltd (JFL) | B81: Alert | C81: Jagadisha R | D81: PRO/INC/46953 | E81: aps went down | F81: Meraki Managed Services | G81: Software / Configuration | H81: Greater Noida | I81: Q5AA-FRBE-94N5 | J81: Q5AA-FRBE-94N5 | K81: NA | L81: AP | M81: JFL-GNSC-AP27 | N81: CW9162I | O81: wireless-31-1-7 | Q81: Non-Core | R81: Closed | S81: Device Power Issues | T81: power issue | U81: power issue | V81: 46167.504 | W81: 46169.392 | X81: 2718.62 | Y81: 46167.504 | Z81: 0 | AA81: 30 | AB81: SLA Met | AC81: 46167.507 | AD81: 46169.391 | AE81: 2712.43 | AF81: 6.18 | AG81: 120 | AH81: SLA Met | AJ81: 129600 | AK81: =AJ81-AF81 -> 129593.82 | AL81: =AK81/AJ81*100 -> 99.995231 | AM81: =AJ81-AE81 -> 126887.57 | AN81: =AM81/AJ81*100 -> 97.907076
... A105: Jubilant Foodworks Ltd (JFL) | B105: Alert | C105: Rohit Mourya | D105: PRO/INC/47366 | E105: aps went down | F105: Meraki Managed Services | G105: Software / Configuration | H105: Greater Noida | I105: Q3KG-JH9T-FL7Z | J105: Q3KG-JH9T-FL7Z | K105: NA | L105: AP | M105: JFL-GNSC-AP48 | N105: MR86 | O105: wireless-31-1-7 | Q105: Non-Core | R105: Closed | S105: Device Power Issues | T105: ISP issue | U105: ethernet speed degraded; need to change ethernet cable | V105: 46170.819 | W105: 46175.374 | X105: 6560.32 | Y105: 46170.819 | Z105: 0.02 | AA105: 30 | AB105: SLA Met | AC105: 46170.823 | AD105: 46175.373 | AE105: 6553.25 | AF105: 7.07 | AG105: 120 | AH105: SLA Met | AJ105: 129600 | AK105: =AJ105-AF105 -> 129592.93 | AL105: =AK105/AJ105*100 -> 99.994545 | AM105: =AJ105-AE105 -> 123046.75 | AN105: =AM105/AJ105*100 -> 94.94348
A106: Jubilant Foodworks Ltd (JFL) | B106: Alert | C106: Aneesh P S | D106: PRO/INC/47426 | E106: aps went down | F106: Meraki Managed Services | G106: Software / Configuration | H106: Guwahati | I106: Q5AA-RM28-C2R8 | J106: Q5AA-RM28-C2R8 | K106: NA | L106: AP | M106: JFL-Guwahati-SSC-AP-03 | N106: CW9162I | O106: MR 32.1.7 | Q106: Non-Core | R106: Closed | S106: Firmware or Software Bugs | U106: Device Firmware Upgrade | V106: 46171.631 | W106: 46171.644 | X106: 18.2 | Y106: 46171.631 | Z106: 0.02 | AA106: 30 | AB106: SLA Met | AE106: 0 | AF106: 18.2 | AG106: 120 | AH106: SLA Met | AJ106: 129600 | AK106: =AJ106-AF106 -> 129581.8 | AL106: =AK106/AJ106*100 -> 99.985957 | AM106: =AJ106-AE106 -> 129600 | AN106: =AM106/AJ106*100 -> 100
A107: Jubilant Foodworks Ltd (JFL) | B107: Alert | C107: Aneesh P S | D107: PRO/INC/47431 | E107: aps went down | F107: Meraki Managed Services | G107: Software / Configuration | H107: Guwahati | I107: Q3KG-ZJZJ-WWH5 | J107: Q3KG-ZJZJ-WWH5 | K107: NA | L107: AP | M107: JFL-Guwahati-SSC-AP-02 | N107: MR86 | O107: MR 32.1.7 | Q107: Non-Core | R107: Closed | S107: Firmware or Software Bugs | T107: Device Upgradation activity | U107: device Firmware Upgrdation | V107: 46171.653 | W107: 46172.708 | X107: 1519.97 | Y107: 46171.653 | Z107: 0.05 | AA107: 30 | AB107: SLA Met | AC107: 46171.655 | AD107: 46172.7 | AE107: 1505.95 | AF107: 14.02 | AG107: 120 | AH107: SLA Met | AJ107: 129600 | AK107: =AJ107-AF107 -> 129585.98 | AL107: =AK107/AJ107*100 -> 99.989182 | AM107: =AJ107-AE107 -> 128094.05 | AN107: =AM107/AJ107*100 -> 98.838002
A108: Jubilant Foodworks Ltd (JFL) | B108: Alert | C108: Aneesh P S | D108: PRO/INC/47432 | E108: aps went down | F108: Meraki Managed Services | G108: Software / Configuration | H108: Guwahati | I108: Q5AA-RM28-C2R8 | J108: Q5AA-RM28-C2R8 | K108: NA | L108: AP | M108: JFL-Guwahati-SSC-AP-03 | N108: CW9162I | O108: MR 32.1.7 | Q108: Non-Core | R108: Closed | S108: Firmware or Software Bugs | T108: Device Upgradtion activity | U108: Device Firmware Upgrade | V108: 46171.653 | W108: 46172.708 | X108: 1519.87 | Y108: 46171.653 | Z108: 0 | AA108: 30 | AB108: SLA Met | AC108: 46171.655 | AD108: 46172.703 | AE108: 1509.33 | AF108: 10.53 | AG108: 120 | AH108: SLA Met | AJ108: 129600 | AK108: =AJ108-AF108 -> 129589.47 | AL108: =AK108/AJ108*100 -> 99.991875 | AM108: =AJ108-AE108 -> 128090.67 | AN108: =AM108/AJ108*100 -> 98.835394
A109: Jubilant Foodworks Ltd (JFL) | B109: Alert | C109: Aneesh P S | D109: PRO/INC/47434 | E109: switches went down | F109: Meraki Managed Services | G109: Software / Configuration | H109: Guwahati | I109: Q5JG-ECTW-5MN7 | J109: Q5JG-ECTW-5MN7 | K109: CORE | L109: SW | M109: JFL-Guwahati-CORE-01 | N109: C9300L-24P-4X | O109: IOS XE 17.15.5 | Q109: Core | R109: Closed | S109: Firmware or Software Bugs | T109: Firmware upgradation activity in progress | U109: Device Firmware Upgradation | V109: 46171.653 | W109: 46172.708 | X109: 1519.63 | Y109: 46171.653 | Z109: 0.02 | AA109: 30 | AB109: SLA Met | AC109: 46171.654 | AD109: 46172.704 | AE109: 1512.67 | AF109: 6.97 | AG109: 120 | AH109: SLA Met | AJ109: 129600 | AK109: =AJ109-AF109 -> 129593.03 | AL109: =AK109/AJ109*100 -> 99.994622 | AM109: =AJ109-AE109 -> 128087.33 | AN109: =AM109/AJ109*100 -> 98.832816
A110: Jubilant Foodworks Ltd (JFL) | B110: Alert | C110: Aneesh P S | D110: PRO/INC/47474 | E110: aps went down | F110: Meraki Managed Services | G110: Software / Configuration | H110: Greater Noida | I110: Q3KG-JH9T-FL7Z | J110: Q3KG-JH9T-FL7Z | K110: NA | L110: AP | M110: JFL-GNSC-AP48 | N110: MR86 | O110: wireless-31-1-7 | Q110: Non-Core | R110: Closed | S110: Device Boot Issues | T110: Device Boot Issue | U110: Device Boot issues | V110: 46172.722 | W110: 46172.81 | X110: 125.98 | Y110: 46172.722 | Z110: 0.02 | AA110: 30 | AB110: SLA Met | AC110: 46172.725 | AD110: 46172.791 | AE110: 94.67 | AF110: 31.32 | AG110: 120 | AH110: SLA Met | AJ110: 129600 | AK110: =AJ110-AF110 -> 129568.68 | AL110: =AK110/AJ110*100 -> 99.975833 | AM110: =AJ110-AE110 -> 129505.33 | AN110: =AM110/AJ110*100 -> 99.926952
A111: Jubilant Foodworks Ltd (JFL) | B111: Alert | C111: Dharmendra Bhadoriya | D111: PRO/INC/47488 | E111: aps went down | F111: Meraki Managed Services | G111: Software / Configuration | H111: Greater Noida | I111: Q3KG-JH9T-FL7Z | J111: Q3KG-JH9T-FL7Z | K111: NA | L111: AP | M111: JFL-GNSC-AP48 | N111: MR86 | O111: wireless-31-1-7 | Q111: Non-Core | R111: Closed | S111: Client Side Activity | T111: Client Side Activity | U111: Ethernet uplink speed degraded.need to replaced cable | V111: 46173.607 | W111: 46175.38 | X111: 2553.02 | Y111: 46173.607 | Z111: 0 | AA111: 30 | AB111: SLA Met | AC111: 46173.615 | AD111: 46175.378 | AE111: 2538.85 | AF111: 14.17 | AG111: 120 | AH111: SLA Met | AJ111: 129600 | AK111: =AJ111-AF111 -> 129585.83 | AL111: =AK111/AJ111*100 -> 99.989066 | AM111: =AJ111-AE111 -> 127061.15 | AN111: =AM111/AJ111*100 -> 98.041011
A112: Jubilant Foodworks Ltd (JFL) | B112: Alert | C112: Dharmendra Bhadoriya | D112: PRO/INC/47491 | E112: aps went down | F112: Meraki Managed Services | G112: Software / Configuration | H112: Greater Noida | I112: Q3KG-JH9T-FL7Z | J112: Q3KG-JH9T-FL7Z | K112: NA | L112: AP | M112: JFL-GNSC-AP48 | N112: MR86 | O112: wireless-31-1-7 | Q112: Non-Core | R112: Closed | S112: Client Side Activity | T112: Client Side Activity | U112: Ethernet uplink speed degraded.need to replaced cable | V112: 46173.622 | W112: 46175.391 | X112: 2547.4 | Y112: 46173.622 | Z112: 0.02 | AA112: 30 | AB112: SLA Met | AC112: 46173.624 | AD112: 46175.387 | AE112: 2538.98 | AF112: 8.42 | AG112: 120 | AH112: SLA Met | AJ112: 129600 | AK112: =AJ112-AF112 -> 129591.58 | AL112: =AK112/AJ112*100 -> 99.993503 | AM112: =AJ112-AE112 -> 127061.02 | AN112: =AM112/AJ112*100 -> 98.04091
A113: Jubilant Foodworks Ltd (JFL) | B113: Alert | C113: Dharmendra Bhadoriya | D113: PRO/INC/47495 | E113: aps went down | F113: Meraki Managed Services | G113: Software / Configuration | H113: Greater Noida | I113: Q3KG-JH9T-FL7Z | J113: Q3KG-JH9T-FL7Z | K113: NA | L113: AP | M113: JFL-GNSC-AP48 | N113: MR86 | O113: wireless-31-1-7 | Q113: Non-Core | R113: Closed | S113: Client Side Activity | T113: Client Side Activity | U113: ethernet uplink speed degraded .need to replace cable | V113: 46173.63 | W113: 46175.377 | X113: 2515.2 | Y113: 46173.63 | Z113: 0.02 | AA113: 30 | AB113: SLA Met | AC113: 46173.663 | AD113: 46175.376 | AE113: 2466.35 | AF113: 48.85 | AG113: 120 | AH113: SLA Met | AJ113: 129600 | AK113: =AJ113-AF113 -> 129551.15 | AL113: =AK113/AJ113*100 -> 99.962307 | AM113: =AJ113-AE113 -> 127133.65 | AN113: =AM113/AJ113*100 -> 98.096952
A114: Jubilant Foodworks Ltd (JFL) | B114: Alert | C114: Aneesh P S | D114: PRO/INC/47516 | E114: aps went down | F114: Meraki Managed Services | G114: Software / Configuration | H114: Greater Noida | I114: Q5AA-J9A9-ZJ2B | J114: Q5AA-J9A9-ZJ2B | K114: NA | L114: AP | M114: JFL-GNSC-AP30 | N114: CW9162I | O114: wireless-31-1-7 | Q114: Non-Core | R114: Closed | S114: Device Boot Issues | U114: Device Boot issues | V114: 46174.397 | W114: 46174.412 | X114: 21.4 | Y114: 46174.397 | Z114: 0.02 | AA114: 30 | AB114: SLA Met | AE114: 0 | AF114: 21.4 | AG114: 120 | AH114: SLA Met | AJ114: 129600 | AK114: =AJ114-AF114 -> 129578.6 | AL114: =AK114/AJ114*100 -> 99.983488 | AM114: =AJ114-AE114 -> 129600 | AN114: =AM114/AJ114*100 -> 100
A115: Jubilant Foodworks Ltd (JFL) | B115: Alert | C115: Aneesh P S | D115: PRO/INC/47555 | E115: aps went down | F115: Meraki Managed Services | G115: Software / Configuration | H115: Greater Noida | I115: Q5AA-NVD9-AZTY | J115: Q5AA-NVD9-AZTY | K115: NA | L115: AP | M115: JFL-GNSC-AP39 | N115: CW9162I | O115: wireless-31-1-7 | Q115: Non-Core | R115: Closed | S115: Device Power Issues | T115: Devic Boot Issues | U115: Device Power Issues | V115: 46174.631 | W115: 46175.758 | X115: 1623.52 | Y115: 46174.631 | Z115: 0.02 | AA115: 30 | AB115: SLA Met | AC115: 46174.633 | AD115: 46175.752 | AE115: 1611.82 | AF115: 11.7 | AG115: 120 | AH115: SLA Met | AJ115: 129600 | AK115: =AJ115-AF115 -> 129588.3 | AL115: =AK115/AJ115*100 -> 99.990972 | AM115: =AJ115-AE115 -> 127988.18 | AN115: =AM115/AJ115*100 -> 98.756312
A116: Jubilant Foodworks Ltd (JFL) | B116: Alert | C116: Dharmendra Bhadoriya | D116: PRO/INC/47575 | E116: new dhcp server detected | F116: Meraki Managed Services | G116: Software / Configuration | H116: Nagpur | I116: Q5JJ-68KZ-MXAS | J116: Q5JJ-68KZ-MXAS | K116: RACK 1 | L116: SW | M116: JFL-NAG-SSC-SW01 | N116: C9300L-48P-4X | O116: cs-17-2-2 | Q116: Non-Core | R116: Closed | S116: Client Side Activity | T116: awaiting for customer response. Observation has been shared with customer. | U116: block | V116: 46175.285 | W116: 46175.392 | X116: 154.13 | Y116: 46175.285 | Z116: 0.02 | AA116: 30 | AB116: SLA Met | AC116: 46175.287 | AD116: 46175.389 | AE116: 147.12 | AF116: 7.02 | AG116: 120 | AH116: SLA Met | AJ116: 129600 | AK116: =AJ116-AF116 -> 129592.98 | AL116: =AK116/AJ116*100 -> 99.994583 | AM116: =AJ116-AE116 -> 129452.88 | AN116: =AM116/AJ116*100 -> 99.886481
A117: Jubilant Foodworks Ltd (JFL) | B117: Alert | C117: Aneesh P S | D117: PRO/INC/47846 | E117: new dhcp server detected | F117: Meraki Managed Services | G117: Software / Configuration | H117: Nagpur | I117: Q5JJ-68KZ-MXAS | J117: Q5JJ-68KZ-MXAS | K117: RACK 1 | L117: SW | M117: JFL-NAG-SSC-SW01 | N117: C9300L-48P-4X | O117: cs-17-2-2 | Q117: Non-Core | R117: Closed | S117: New Configuration | T117: new DHCP server detected | U117: New DHCP server detected on the network, as per the customer confirmation blocked the device | V117: 46176.628 | W117: 46176.708 | X117: 114.9 | Y117: 46176.628 | Z117: 0.02 | AA117: 30 | AB117: SLA Met | AC117: 46176.632 | AD117: 46176.706 | AE117: 106.47 | AF117: 8.43 | AG117: 120 | AH117: SLA Met | AJ117: 129600 | AK117: =AJ117-AF117 -> 129591.57 | AL117: =AK117/AJ117*100 -> 99.993495 | AM117: =AJ117-AE117 -> 129493.53 | AN117: =AM117/AJ117*100 -> 99.917847
A118: Jubilant Foodworks Ltd (JFL) | B118: Alert | C118: Kartik Choudhary | D118: PRO/INC/47898 | E118: new dhcp server detected | F118: Meraki Managed Services | G118: Software / Configuration | H118: Nagpur | I118: Q5JJ-68KZ-MXAS | J118: Q5JJ-68KZ-MXAS | K118: RACK 1 | L118: SW | M118: JFL-NAG-SSC-SW01 | N118: C9300L-48P-4X | O118: cs-17-2-2 | Q118: Non-Core | R118: Closed | S118: Third Party Device issue | T118: Observation is shared with customer. Awaiting for customer response. | U118: We have blocked the new dhcp server as per customer confirmation. | V118: 46178.335 | W118: 46181.703 | X118: 4849.3 | Y118: 46178.335 | Z118: 0 | AA118: 30 | AB118: SLA Met | AC118: 46178.338 | AD118: 46181.702 | AE118: 4843.2 | AF118: 6.1 | AG118: 120 | AH118: SLA Met | AJ118: 129600 | AK118: =AJ118-AF118 -> 129593.9 | AL118: =AK118/AJ118*100 -> 99.995293 | AM118: =AJ118-AE118 -> 124756.8 | AN118: =AM118/AJ118*100 -> 96.262963
A119: Jubilant Foodworks Ltd (JFL) | B119: Alert | C119: Jagadisha R | D119: PRO/INC/47906 | E119: new dhcp server detected | F119: Meraki Managed Services | G119: Software / Configuration | H119: Nagpur | I119: Q5JJ-68KZ-MXAS | J119: Q5JJ-68KZ-MXAS | K119: RACK 1 | L119: SW | M119: JFL-NAG-SSC-SW01 | N119: C9300L-48P-4X | O119: cs-17-2-2 | Q119: Non-Core | R119: Closed | S119: Others | T119: Observation is shared with customer. Awaiting for customer response. | U119: customer is not responding , we are closing the case . | V119: 46178.394 | W119: 46189.947 | X119: 16636.38 | Y119: 46178.394 | Z119: 0.03 | AA119: 30 | AB119: SLA Met | AC119: 46178.396 | AD119: 46189.943 | AE119: 16628.55 | AF119: 7.83 | AG119: 120 | AH119: SLA Met | AJ119: 129600 | AK119: =AJ119-AF119 -> 129592.17 | AL119: =AK119/AJ119*100 -> 99.993958 | AM119: =AJ119-AE119 -> 112971.45 | AN119: =AM119/AJ119*100 -> 87.169329
A120: Jubilant Foodworks Ltd (JFL) | B120: Alert | C120: Aneesh P S | D120: PRO/INC/47909 | E120: new dhcp server detected | F120: Meraki Managed Services | G120: Software / Configuration | H120: Nagpur | I120: Q5JJ-68KZ-MXAS | J120: Q5JJ-68KZ-MXAS | K120: RACK 1 | L120: SW | M120: JFL-NAG-SSC-SW01 | N120: C9300L-48P-4X | O120: cs-17-2-2 | Q120: Non-Core | R120: Closed | S120: New Configuration | T120: New DHCP server detected , need customers clarification | U120: New DHCP server detected closed and blocked the server as per customer confirmation | V120: 46178.439 | W120: 46181.592 | X120: 4539.28 | Y120: 46178.439 | Z120: 0 | AA120: 30 | AB120: SLA Met | AC120: 46178.443 | AD120: 46181.588 | AE120: 4528.98 | AF120: 10.3 | AG120: 120 | AH120: SLA Met | AJ120: 129600 | AK120: =AJ120-AF120 -> 129589.7 | AL120: =AK120/AJ120*100 -> 99.992052 | AM120: =AJ120-AE120 -> 125071.02 | AN120: =AM120/AJ120*100 -> 96.505417
A121: Jubilant Foodworks Ltd (JFL) | B121: Alert | C121: Aneesh P S | D121: PRO/INC/47925 | E121: switches went down | F121: Meraki Managed Services | G121: Software / Configuration | H121: Greater Noida | I121: Q5TN-NF5F-N32X | J121: Q5TN-NF5F-N32X | K121: Core | L121: SW | M121: JFL-GNSC-CORE-SW-ST-01 [1] | N121: C9300X-24Y | O121: ios-xe-17-15-4 | Q121: Core | R121: Closed | S121: Device Power Issues | T121: device power issue | U121: ISP issue | V121: 46178.52 | W121: 46178.532 | X121: 16.6 | Y121: 46178.52 | Z121: 0.02 | AA121: 30 | AB121: SLA Met | AC121: 46178.523 | AD121: 46178.53 | AE121: 10.2 | AF121: 6.4 | AG121: 120 | AH121: SLA Met | AJ121: 129600 | AK121: =AJ121-AF121 -> 129593.6 | AL121: =AK121/AJ121*100 -> 99.995062 | AM121: =AJ121-AE121 -> 129589.8 | AN121: =AM121/AJ121*100 -> 99.99213
A122: Jubilant Foodworks Ltd (JFL) | B122: Email | C122: Rohit Mourya | D122: PRO/INC/47969 | E122: RE: Scheduled maintenance for 1 network(s) in organization "Jubilant Foodworks Ltd" || GNSC -- Q3KG-6BJV-TZA3 | F122: Meraki Managed Services | G122: IOS Upgradation Activity | H122: Greater Noida | I122: Q3KG-6BJV-TZA3 | J122: Q3KG-6BJV-TZA3 | K122: NA | L122: AP | M122: JFL-GNSC-AP53 | N122: MR86 | O122: wireless-31-1-7 | Q122: P4 | R122: Closed | S122: Client Side Activity | T122: The scheduled activity is planned for June 19, 2026 | V122: 46179.399 | W122: 46189.739 | X122: 14889.32 | Y122: 46179.399 | Z122: 0 | AA122: 30 | AB122: SLA Met | AC122: 46179.423 | AD122: 46189.735 | AE122: 14849.3 | AF122: 40.02 | AG122: 2880 | AH122: SLA Met | AJ122: 129600 | AK122: =AJ122-AF122 -> 129559.98 | AL122: =AK122/AJ122*100 -> 99.96912 | AM122: =AJ122-AE122 -> 114750.7 | AN122: =AM122/AJ122*100 -> 88.542207
A123: Jubilant Foodworks Ltd (JFL) | B123: Email | C123: Rohit Mourya | D123: PRO/INC/47970 | E123: FW: Scheduled maintenance for 1 network(s) in organization "Jubilant Foodworks Ltd" -- Q3KG-FBVZ-2RBN | F123: Meraki Managed Services | G123: IOS Upgradation Activity | H123: Nagpur | I123: Q3KG-FBVZ-2RBN | J123: Q3KG-FBVZ-2RBN | K123: NA | L123: AP | M123: JFL-NAG-SSC-AP05 | N123: MR86 | O123: wireless-31-1-8 | Q123: P4 | R123: Closed | S123: Client Side Activity | T123: The scheduled activity is planned for June 17, 2026 | V123: 46179.401 | W123: 46189.738 | X123: 14886.1 | Y123: 46179.401 | Z123: 0 | AA123: 30 | AB123: SLA Met | AC123: 46179.423 | AD123: 46189.735 | AE123: 14849.47 | AF123: 36.63 | AG123: 2880 | AH123: SLA Met | AJ123: 129600 | AK123: =AJ123-AF123 -> 129563.37 | AL123: =AK123/AJ123*100 -> 99.971736 | AM123: =AJ123-AE123 -> 114750.53 | AN123: =AM123/AJ123*100 -> 88.542076
A124: Jubilant Foodworks Ltd (JFL) | B124: Alert | C124: Dheerendra Maurya | D124: PRO/INC/48101 | E124: aps went down | F124: Meraki Managed Services | G124: Software / Configuration | H124: Greater Noida | I124: Q3KG-XSEX-EG6A | J124: Q3KG-XSEX-EG6A | K124: NA | L124: AP | M124: JFL-GNSC-AP60 | N124: MR86 | O124: wireless-31-1-7 | Q124: Non-Core | R124: Closed | S124: Device Power Issues | T124: Power issue | U124: Ap went down due to power issue | V124: 46179.48 | W124: 46180.001 | X124: 750.93 | Y124: 46179.48 | Z124: 0.02 | AA124: 30 | AB124: SLA Met | AC124: 46179.482 | AD124: 46180 | AE124: 745.27 | AF124: 5.67 | AG124: 120 | AH124: SLA Met | AJ124: 129600 | AK124: =AJ124-AF124 -> 129594.33 | AL124: =AK124/AJ124*100 -> 99.995625 | AM124: =AJ124-AE124 -> 128854.73 | AN124: =AM124/AJ124*100 -> 99.424946
A125: Jubilant Foodworks Ltd (JFL) | B125: Alert | C125: Dheerendra Maurya | D125: PRO/INC/48102 | E125: aps went down | F125: Meraki Managed Services | G125: Software / Configuration | H125: Greater Noida | I125: Q5AA-AE34-NNBC | J125: Q5AA-AE34-NNBC | K125: NA | L125: AP | M125: JFL-GNSC-AP21 | N125: CW9162I | O125: wireless-31-1-7 | Q125: Non-Core | R125: Closed | S125: Device Power Issues | T125: Power issue | U125: AP Went down due to power issue | V125: 46179.48 | W125: 46179.999 | X125: 747.93 | Y125: 46179.48 | Z125: 0.02 | AA125: 30 | AB125: SLA Met | AC125: 46179.483 | AD125: 46179.998 | AE125: 742.35 | AF125: 5.58 | AG125: 120 | AH125: SLA Met | AJ125: 129600 | AK125: =AJ125-AF125 -> 129594.42 | AL125: =AK125/AJ125*100 -> 99.995694 | AM125: =AJ125-AE125 -> 128857.65 | AN125: =AM125/AJ125*100 -> 99.427199
A126: Jubilant Foodworks Ltd (JFL) | B126: Alert | C126: Dheerendra Maurya | D126: PRO/INC/48103 | E126: aps went down | F126: Meraki Managed Services | G126: Software / Configuration | H126: Greater Noida | I126: Q5AA-XGDL-V7JB | J126: Q5AA-XGDL-V7JB | K126: NA | L126: AP | M126: JFL-GNSC-AP54 | N126: CW9162I | O126: wireless-31-1-7 | Q126: Non-Core | R126: Closed | S126: Device Power Issues | T126: Power issue | U126: AP WENT DOWN DUE TO POWER ISSUE | V126: 46179.48 | W126: 46180.003 | X126: 752.93 | Y126: 46179.48 | Z126: 0.02 | AA126: 30 | AB126: SLA Met | AC126: 46179.482 | AD126: 46180.002 | AE126: 748.53 | AF126: 4.4 | AG126: 120 | AH126: SLA Met | AJ126: 129600 | AK126: =AJ126-AF126 -> 129595.6 | AL126: =AK126/AJ126*100 -> 99.996605 | AM126: =AJ126-AE126 -> 128851.47 | AN126: =AM126/AJ126*100 -> 99.422431
A127: Jubilant Foodworks Ltd (JFL) | B127: Email | C127: Chhitij Kumar Rai | D127: PRO/INC/48114 | E127: Remove port security || Port Number-23 -- FCW2110B25A | F127: Meraki Managed Services | G127: Change Request | H127: Greater Noida | I127: FCW2110B25A | J127: FCW2110B25A | K127: JFL-GNMC-GF-AC-ST-01 | L127: SW | M127: JFL-GNMC-GF-AC-ST-01 | N127: WS-C2960X-24PD-L | O127: CISCO IOS 15.2(7)E13 | Q127: Non-Core | R127: Closed | S127: New Configuration | T127: Configuration change | U127: we disabled the port security on the switch as per required | V127: 46179.502 | W127: 46184.231 | X127: 6809.47 | Y127: 46179.502 | Z127: 0 | AA127: 30 | AB127: SLA Met | AC127: 46179.508 | AD127: 46184.721 | AE127: 7506.55 | AF127: -697.08 | AG127: 120 | AH127: SLA Met | AJ127: 129600 | AK127: =AJ127-AF127 -> 130297.08 | AL127: =AK127/AJ127*100 -> 100.53787 | AM127: =AJ127-AE127 -> 122093.45 | AN127: =AM127/AJ127*100 -> 94.207909
A128: Jubilant Foodworks Ltd (JFL) | B128: Email | C128: Rohit Mourya | D128: PRO/INC/48116 | E128: physical layer connectivity issue --- Q3KG-A9R2-ATYY | F128: Meraki Managed Services | G128: Software / Configuration | H128: Greater Noida | I128: Q3KG-A9R2-ATYY | J128: Q3KG-A9R2-ATYY | K128: NA | L128: AP | M128: JFL-GNSC-AP50 | N128: MR86 | O128: wireless-31-1-7 | Q128: Non-Core | R128: Closed | S128: Client Side Activity | T128: Cable issue | U128: Cable issue | V128: 46179.544 | W128: 46220.547 | X128: 59045.3 | Y128: 46179.544 | Z128: 0 | AA128: 30 | AB128: SLA Met | AC128: 46179.56 | AD128: 46220.547 | AE128: 59021.08 | AF128: 24.22 | AG128: 120 | AH128: SLA Met | AJ128: 129600 | AK128: =AJ128-AF128 -> 129575.78 | AL128: =AK128/AJ128*100 -> 99.981312 | AM128: =AJ128-AE128 -> 70578.92 | AN128: =AM128/AJ128*100 -> 54.459043
A129: Jubilant Foodworks Ltd (JFL) | B129: Email | C129: Rohit Mourya | D129: PRO/INC/48117 | E129: Why all these AP went down -- Q3KG-XSEX-EG6A | F129: Meraki Managed Services | G129: Software / Configuration | H129: Greater Noida | I129: Q3KG-XSEX-EG6A | J129: Q3KG-XSEX-EG6A | K129: NA | L129: AP | M129: JFL-GNSC-AP60 | N129: MR86 | O129: wireless-31-1-7 | Q129: Non-Core | R129: Closed | S129: Device Power Issues | U129: We reviewed the Meraki Dashboard event logs for the reported Access Point and observed a temporary device reboot event, after which the Ethernet uplink was successfully re-established and the MR came back online. As of now, the device is in an Online state and operating normally. Please find the attached dashboard snapshot for your reference, which confirms that the AP is currently reachable and functioning as expected. We will continue to monitor the device and will keep you informed if any further abnormal behavior is observed. | V129: 46179.553 | W129: 46179.577 | X129: 34.72 | Y129: 46179.553 | Z129: 0 | AA129: 30 | AB129: SLA Met | AE129: 0 | AF129: 34.72 | AG129: 120 | AH129: SLA Met | AJ129: 129600 | AK129: =AJ129-AF129 -> 129565.28 | AL129: =AK129/AJ129*100 -> 99.97321 | AM129: =AJ129-AE129 -> 129600 | AN129: =AM129/AJ129*100 -> 100
A130: Jubilant Foodworks Ltd (JFL) | B130: Alert | C130: Dheerendra Maurya | D130: PRO/INC/48129 | E130: aps went down | F130: Meraki Managed Services | G130: Software / Configuration | H130: Greater Noida | I130: Q3KG-Y2PU-4DWW | J130: Q3KG-Y2PU-4DWW | K130: NA | L130: AP | M130: JFL-GNSC-AP55 | N130: MR86 | O130: wireless-31-1-7 | Q130: Non-Core | R130: Closed | S130: Device Power Issues | T130: Power issue | U130: Ap went down due to power issue | V130: 46179.846 | W130: 46179.983 | X130: 196.73 | Y130: 46179.846 | Z130: 0 | AA130: 30 | AB130: SLA Met | AC130: 46179.847 | AD130: 46179.981 | AE130: 192.25 | AF130: 4.48 | AG130: 120 | AH130: SLA Met | AJ130: 129600 | AK130: =AJ130-AF130 -> 129595.52 | AL130: =AK130/AJ130*100 -> 99.996543 | AM130: =AJ130-AE130 -> 129407.75 | AN130: =AM130/AJ130*100 -> 99.851659
A131: Jubilant Foodworks Ltd (JFL) | B131: Alert | C131: Dheerendra Maurya | D131: PRO/INC/48132 | E131: aps went down | F131: Meraki Managed Services | G131: Software / Configuration | H131: Greater Noida | I131: Q3KG-Y2PU-4DWW | J131: Q3KG-Y2PU-4DWW | K131: NA | L131: AP | M131: JFL-GNSC-AP55 | N131: MR86 | O131: wireless-31-1-7 | Q131: Non-Core | R131: Closed | S131: Device Power Issues | T131: power issue | U131: AP WENT DOWN DUE TO POWER ISSUE | V131: 46179.854 | W131: 46179.983 | X131: 186.4 | Y131: 46179.854 | Z131: 0.02 | AA131: 30 | AB131: SLA Met | AC131: 46179.856 | AD131: 46179.982 | AE131: 182.45 | AF131: 3.95 | AG131: 120 | AH131: SLA Met | AJ131: 129600 | AK131: =AJ131-AF131 -> 129596.05 | AL131: =AK131/AJ131*100 -> 99.996952 | AM131: =AJ131-AE131 -> 129417.55 | AN131: =AM131/AJ131*100 -> 99.859221
A132: Jubilant Foodworks Ltd (JFL) | B132: Alert | C132: Dheerendra Maurya | D132: PRO/INC/48136 | E132: aps went down | F132: Meraki Managed Services | G132: Software / Configuration | H132: Greater Noida | I132: Q3KG-Y2PU-4DWW | J132: Q3KG-Y2PU-4DWW | K132: NA | L132: AP | M132: JFL-GNSC-AP55 | N132: MR86 | O132: wireless-31-1-7 | Q132: Non-Core | R132: Closed | S132: Device Power Issues | T132: power issue | U132: Ap went down due to power issue | V132: 46179.907 | W132: 46179.977 | X132: 100.45 | Y132: 46179.907 | Z132: 0.02 | AA132: 30 | AB132: SLA Met | AC132: 46179.91 | AD132: 46179.976 | AE132: 95.27 | AF132: 5.18 | AG132: 120 | AH132: SLA Met | AJ132: 129600 | AK132: =AJ132-AF132 -> 129594.82 | AL132: =AK132/AJ132*100 -> 99.996003 | AM132: =AJ132-AE132 -> 129504.73 | AN132: =AM132/AJ132*100 -> 99.926489
A133: Jubilant Foodworks Ltd (JFL) | B133: Alert | C133: Dheerendra Maurya | D133: PRO/INC/48139 | E133: aps went down | F133: Meraki Managed Services | G133: Software / Configuration | H133: Greater Noida | I133: Q3KG-Y2PU-4DWW | J133: Q3KG-Y2PU-4DWW | K133: NA | L133: AP | M133: JFL-GNSC-AP55 | N133: MR86 | O133: wireless-31-1-7 | Q133: Non-Core | R133: Closed | S133: Device Power Issues | T133: power issue | U133: AP Went down due to power issue | V133: 46179.925 | W133: 46179.981 | X133: 79.57 | Y133: 46179.925 | Z133: 0 | AA133: 30 | AB133: SLA Met | AC133: 46179.927 | AD133: 46179.978 | AE133: 72.27 | AF133: 7.3 | AG133: 120 | AH133: SLA Met | AJ133: 129600 | AK133: =AJ133-AF133 -> 129592.7 | AL133: =AK133/AJ133*100 -> 99.994367 | AM133: =AJ133-AE133 -> 129527.73 | AN133: =AM133/AJ133*100 -> 99.944236
A134: Jubilant Foodworks Ltd (JFL) | B134: Alert | C134: Kartik Choudhary | D134: PRO/INC/48142 | E134: aps went down | F134: Meraki Managed Services | G134: Software / Configuration | H134: Mohali | I134: Q5AA-V3D8-DKEG | J134: Q5AA-V3D8-DKEG | K134: NA | L134: AP | M134: JFL-Mohali-SCC-AP05 | N134: CW9162I | O134: wireless-31-1-7 | Q134: Non-Core | R134: Closed | S134: Client Side Activity | T134: power issue | U134: the AP went down due to a power issue during the installation of the new generator. | V134: 46179.948 | W134: 46180.467 | X134: 747.23 | Y134: 46179.948 | Z134: 0.02 | AA134: 30 | AB134: SLA Met | AC134: 46179.95 | AD134: 46180.466 | AE134: 743.53 | AF134: 3.7 | AG134: 120 | AH134: SLA Met | AJ134: 129600 | AK134: =AJ134-AF134 -> 129596.3 | AL134: =AK134/AJ134*100 -> 99.997145 | AM134: =AJ134-AE134 -> 128856.47 | AN134: =AM134/AJ134*100 -> 99.426289
A135: Jubilant Foodworks Ltd (JFL) | B135: Alert | C135: Kartik Choudhary | D135: PRO/INC/48143 | E135: switches went down | F135: Meraki Managed Services | G135: Software / Configuration | H135: Mohali | I135: Q5JG-NJW9-ABBQ | J135: Q5JG-NJW9-ABBQ | K135: CORE | L135: SW | M135: JFL-MOHALI-CORE-02 | N135: C9300L-24P-4X | O135: cs-17-2-1 | Q135: Core | R135: Closed | S135: Client Side Activity | T135: power issue | U135: As discussed with Mr. Vijay, the switch went down due to a power issue during the installation of the new generator. | V135: 46179.949 | W135: 46180.469 | X135: 750.07 | Y135: 46179.949 | Z135: 0 | AA135: 30 | AB135: SLA Met | AC135: 46179.95 | AD135: 46180.468 | AE135: 745.68 | AF135: 4.38 | AG135: 120 | AH135: SLA Met | AJ135: 129600 | AK135: =AJ135-AF135 -> 129595.62 | AL135: =AK135/AJ135*100 -> 99.99662 | AM135: =AJ135-AE135 -> 128854.32 | AN135: =AM135/AJ135*100 -> 99.42463
A136: Jubilant Foodworks Ltd (JFL) | B136: Alert | C136: Kartik Choudhary | D136: PRO/INC/48470 | E136: aps went down | F136: Meraki Managed Services | G136: Software / Configuration | H136: Mohali | I136: Q5AA-8PQC-7V98 | J136: Q5AA-8PQC-7V98 | K136: NA | L136: AP | M136: JFL-Mohali-SCC-AP06 | N136: CW9162I | O136: wireless-31-1-7 | Q136: Non-Core | R136: Closed | S136: Client Side Activity | T136: As discussed with Mr. Vijay over the call, a new electric generator is being installed at the site. For testing purposes, the power needs to be shut down, due to which the devices are going offline. | U136: Client side activity as they are installing new Electric generator so for testing they have shut the power and now they have restore the power and device is also up. | V136: 46180.612 | W136: 46180.689 | X136: 111 | Y136: 46180.612 | Z136: 0.02 | AA136: 30 | AB136: SLA Met | AC136: 46180.618 | AD136: 46180.688 | AE136: 100.57 | AF136: 10.43 | AG136: 120 | AH136: SLA Met | AJ136: 129600 | AK136: =AJ136-AF136 -> 129589.57 | AL136: =AK136/AJ136*100 -> 99.991952 | AM136: =AJ136-AE136 -> 129499.43 | AN136: =AM136/AJ136*100 -> 99.9224
A137: Jubilant Foodworks Ltd (JFL) | B137: Alert | C137: Kartik Choudhary | D137: PRO/INC/48471 | E137: aps went down | F137: Meraki Managed Services | G137: Software / Configuration | H137: Mohali | I137: Q3KG-9RDD-U5HG | J137: Q3KG-9RDD-U5HG | K137: NA | L137: AP | M137: JFL-Mohali-SCC-AP12 | N137: MR86 | O137: wireless-31-1-7 | Q137: Non-Core | R137: Closed | S137: Client Side Activity | T137: As discussed with Mr. Vijay over the call, a new electric generator is being installed at the site. For testing purposes, the power needs to be shut down, due to which the devices are going offline. | U137: Client side activity as they are installing new Electric generator so for testing they have shut the power and now they have restore the power and device is also up. | V137: 46180.612 | W137: 46180.689 | X137: 110.83 | Y137: 46180.612 | Z137: 0 | AA137: 30 | AB137: SLA Met | AC137: 46180.618 | AD137: 46180.687 | AE137: 98.5 | AF137: 12.33 | AG137: 120 | AH137: SLA Met | AJ137: 129600 | AK137: =AJ137-AF137 -> 129587.67 | AL137: =AK137/AJ137*100 -> 99.990486 | AM137: =AJ137-AE137 -> 129501.5 | AN137: =AM137/AJ137*100 -> 99.923997
A138: Jubilant Foodworks Ltd (JFL) | B138: Alert | C138: Kartik Choudhary | D138: PRO/INC/48472 | E138: aps went down | F138: Meraki Managed Services | G138: Software / Configuration | H138: Mohali | I138: Q5AA-S8HG-F6YT | J138: Q5AA-S8HG-F6YT | K138: NA | L138: AP | M138: JFL-Mohali-SCC-AP04 | N138: CW9162I | O138: wireless-31-1-7 | Q138: Non-Core | R138: Closed | S138: Client Side Activity | T138: As discussed with Mr. Vijay over the call, a new electric generator is being installed at the site. For testing purposes, the power needs to be shut down, due to which the devices are going offline. | U138: Client side activity as they are installing new Electric generator so for testing they have shut the power and now they have restore the power and device is also up. | V138: 46180.612 | W138: 46180.689 | X138: 110.83 | Y138: 46180.612 | Z138: 0 | AA138: 30 | AB138: SLA Met | AC138: 46180.618 | AD138: 46180.688 | AE138: 100.7 | AF138: 10.13 | AG138: 120 | AH138: SLA Met | AJ138: 129600 | AK138: =AJ138-AF138 -> 129589.87 | AL138: =AK138/AJ138*100 -> 99.992184 | AM138: =AJ138-AE138 -> 129499.3 | AN138: =AM138/AJ138*100 -> 99.922299
A139: Jubilant Foodworks Ltd (JFL) | B139: Alert | C139: Kartik Choudhary | D139: PRO/INC/49255 | E139: Need to enable Port 7,8,9 and 10 on HEALTHCARE switch ------ Q2QW-EY63-C2SF | F139: Meraki Managed Services | G139: Change Request | H139: Bangalore | J139: Q2QW-EY63-C2SF | K139: HEALTHCARE | L139: SW | M139: HEALTHCARE | N139: MS250-48FP | O139: switch-17-2-2 | Q139: P4 | R139: Closed | S139: New Configuration | U139: We enabled ports 7, 8, 9, and 10 under VLAN 9 on the Healthcare switch. After the changes were made, the customer connected the devices, and they successfully joined the network and are functioning as expected. | V139: 46181.644 | W139: 46181.651 | X139: 10.18 | Y139: 46181.644 | Z139: 0.02 | AA139: 30 | AB139: SLA Met | AE139: 0 | AF139: 10.18 | AG139: 2880 | AH139: SLA Met | AJ139: 129600 | AK139: =AJ139-AF139 -> 129589.82 | AL139: =AK139/AJ139*100 -> 99.992145 | AM139: =AJ139-AE139 -> 129600 | AN139: =AM139/AJ139*100 -> 100
A140: Jubilant Foodworks Ltd (JFL) | B140: Alert | C140: Aneesh P S | D140: PRO/INC/49258 | E140: Need to enable vlan 9 on GF-ETP-SW 1 port 37 | F140: Meraki Managed Services | G140: Change Request | H140: Bangalore | I140: Q2QW-CAJU-QVKD | J140: Q2QW-CAJU-QVKD | K140: GF-ETP | L140: SW | M140: GF-ETP-SW1 | N140: MS250-48FP | O140: switch-17-1-4 | Q140: P4 | R140: Closed | S140: New Configuration | U140: need to add Vlan 9 on port 37 of switch -- added successfully and working fine | V140: 46181.686 | W140: 46181.701 | X140: 22.33 | Y140: 46181.686 | Z140: 0.02 | AA140: 30 | AB140: SLA Met | AC140: 46181.694 | AD140: 46181.694 | AE140: 0.1 | AF140: 22.23 | AG140: 2880 | AH140: SLA Met | AJ140: 129600 | AK140: =AJ140-AF140 -> 129577.77 | AL140: =AK140/AJ140*100 -> 99.982847 | AM140: =AJ140-AE140 -> 129599.9 | AN140: =AM140/AJ140*100 -> 99.999923
...

Sheet RCA
A3: Count of Device Type | B3: Column Labels | F3: Count of Device Type | G3: Column Labels | K3: Count of Device Type | L3: Column Labels | P3: Count of Device Type | Q3: Column Labels | U3: Count of Device Type | V3: Column Labels | Z3: Count of Device Type | AA3: Column Labels
A4: Row Labels | B4: AP | C4: SW | D4: Grand Total | F4: Row Labels | G4: AP | H4: SW | I4: Grand Total | K4: Row Labels | L4: AP | M4: SW | N4: Grand Total | P4: Row Labels | Q4: AP | R4: SW | S4: Grand Total | U4: Row Labels | V4: AP | W4: SW | X4: Grand Total | Z4: Row Labels | AA4: AP | AB4: Grand Total
A5: Bangalore | B5: 31 | C5: 39 | D5: 70 | F5: Greater Noida | G5: 169 | H5: 16 | I5: 185 | K5: Guwahati | L5: 10 | M5: 5 | N5: 15 | P5: Mohali | Q5: 33 | R5: 14 | S5: 47 | U5: Nagpur | V5: 5 | W5: 40 | X5: 45 | Z5: Noida | AA5: 1 | AB5: 1
A6: Device Power Issues | B6: 30 | C6: 28 | D6: 58 | F6: Device Power Issues | G6: 84 | H6: 4 | I6: 88 | K6: Device Power Issues | L6: 6 | M6: 4 | N6: 10 | P6: Device Power Issues | Q6: 24 | R6: 10 | S6: 34 | U6: Client Side Activity | V6: 4 | W6: 13 | X6: 17 | Z6: Hardware Component Failures | AA6: 1 | AB6: 1
A7: New Configuration | C7: 7 | D7: 7 | F7: Client Side Activity | G7: 78 | H7: 3 | I7: 81 | K7: Firmware or Software Bugs | L7: 3 | M7: 1 | N7: 4 | P7: Client Side Activity | Q7: 8 | R7: 2 | S7: 10 | U7: Third Party Device issue | W7: 13 | X7: 13 | Z7: Grand Total | AA7: 1 | AB7: 1
A8: Client Side Activity | B8: 1 | C8: 2 | D8: 3 | F8: New Configuration | H8: 7 | I8: 7 | K8: Client Side Activity | L8: 1 | N8: 1 | P8: New Configuration | Q8: 1 | R8: 1 | S8: 2 | U8: New Configuration | W8: 8 | X8: 8
A9: Others | C9: 2 | D9: 2 | F9: Device Boot Issues | G9: 5 | I9: 5 | K9: Grand Total | L9: 10 | M9: 5 | N9: 15 | P9: Others | R9: 1 | S9: 1 | U9: Others | W9: 2 | X9: 2
A10: Grand Total | B10: 31 | C10: 39 | D10: 70 | F10: Hardware Component Failures | G10: 2 | H10: 1 | I10: 3 | P10: Grand Total | Q10: 33 | R10: 14 | S10: 47 | U10: Configuration Errors | W10: 2 | X10: 2
F11: (blank) | H11: 1 | I11: 1 | U11: Customer Delays or Unresponsiveness | W11: 1 | X11: 1
F12: Grand Total | G12: 169 | H12: 16 | I12: 185 | U12: Device Power Issues | W12: 1 | X12: 1
U13: Device Boot Issues | V13: 1 | X13: 1
U14: Grand Total | V14: 5 | W14: 40 | X14: 45

Sheet Device Wise Uptime 
C2: Values
B3: Device Serial | C3: Sum of Proactive Uptime Mins | D3: Average of Proactive -Uptime% | E3: Sum of JFL -Uptime Mins | F3: Average of JFL -Uptime %
B4: FCW2110B25A | C4: 130297.08 | D4: 100.53787 | E4: 122093.45 | F4: 94.207909
B5: FCW2110B27N | C5: 129565.2 | D5: 99.973148 | E5: 119878.35 | F5: 92.498727
B6: FCW2211B365 | C6: 129556.87 | D6: 99.966721 | E6: 129441.58 | F6: 99.877762
B7: FGL2708LJWX | C7: 129570.53 | D7: 99.977261 | E7: 124120.9 | F7: 95.772299
B8: FJC290222SV | C8: 129581.97 | D8: 99.986088 | E8: 125174.43 | F8: 96.585208
B9: FOC2039V1JW | C9: 129359.55 | D9: 99.814468 | E9: 122211.85 | F9: 94.299267
B10: FOC2218T3Z8 | C10: 129579.57 | D10: 99.984236 | E10: 127847.35 | F10: 98.647647
B11: FVH2836L5EQ | C11: 259177.72 | D11: 99.991404 | E11: 256258.88 | F11: 98.865309
B12: FVH2903L6L7 | C12: 129579.3 | D12: 99.984028 | E12: 127191.17 | F12: 98.141335
B13: JIN2117106B | C13: 129382.23 | D13: 99.831968 | E13: 119801.4 | F13: 92.439352
B14: Q2DW-EM6A-8GPL | C14: 119297.6 | D14: 92.050617 | E14: 129600 | F14: 100
B15: Q2DW-FPMF-3AL6 | C15: 129590.12 | D15: 99.992377 | E15: 121537.02 | F15: 93.778565
... B155: Grand Total | C155: 47020508 | D155: 99.948363 | E155: 46005508 | F155: 97.790846

Sheet All Location 
A1: S.N | B1: Location | C1: Serial No. | D1: Device Type | E1: Average of Proactive -Uptime% | F1: Average of JFL -Uptime %
A2: 1 | B2: Guwahati | C2: Q3KG-ZJZJ-WWH5 | D2: AP | E2: =VLOOKUP(C2,'Device Wise Uptime '!B:D,3,0) -> 99.991485 | F2: =VLOOKUP(C2,'Device Wise Uptime '!B:F,5,0) -> 99.36016
A3: 2 | B3: Guwahati | C3: Q5AA-RM28-C2R8 | D3: AP | E3: =VLOOKUP(C3,'Device Wise Uptime '!B:D,3,0) -> 99.993573 | F3: =VLOOKUP(C3,'Device Wise Uptime '!B:F,5,0) -> 99.554988
A4: 3 | B4: Guwahati | C4: Q5AR-T7UY-LJRT | D4: AP | E4: 100 | F4: 100
A5: 4 | B5: Guwahati | C5: Q5JG-AQNW-P9FB | D5: SW | E5: =VLOOKUP(C5,'Device Wise Uptime '!B:D,3,0) -> 99.987369 | F5: =VLOOKUP(C5,'Device Wise Uptime '!B:F,5,0) -> 98.978071
A6: 5 | B6: Guwahati | C6: Q5JG-ECTW-5MN7 | D6: SW | E6: =VLOOKUP(C6,'Device Wise Uptime '!B:D,3,0) -> 99.993474 | F6: =VLOOKUP(C6,'Device Wise Uptime '!B:F,5,0) -> 99.121968
A7: 6 | B7: Mohali | C7: Q3KG-9RDD-U5HG | D7: AP | E7: =VLOOKUP(C7,'Device Wise Uptime '!B:D,3,0) -> 99.991992 | F7: =VLOOKUP(C7,'Device Wise Uptime '!B:F,5,0) -> 99.264852
A8: 7 | B8: Mohali | C8: Q3KG-LYY3-LR6R | D8: AP | E8: 100 | F8: 100
A9: 8 | B9: Mohali | C9: Q3KG-Y9ZZ-W8HK | D9: AP | E9: =VLOOKUP(C9,'Device Wise Uptime '!B:D,3,0) -> 99.989302 | F9: =VLOOKUP(C9,'Device Wise Uptime '!B:F,5,0) -> 99.328985
A10: 9 | B10: Mohali | C10: Q3LM-TGAF-Q97P | D10: AP | E10: =VLOOKUP(C10,'Device Wise Uptime '!B:D,3,0) -> 99.803547 | F10: =VLOOKUP(C10,'Device Wise Uptime '!B:F,5,0) -> 98.868315
A11: 10 | B11: Mohali | C11: Q3LP-2PSJ-6DLB | D11: AP | E11: =VLOOKUP(C11,'Device Wise Uptime '!B:D,3,0) -> 99.914029 | F11: =VLOOKUP(C11,'Device Wise Uptime '!B:F,5,0) -> 95.870848
A12: 11 | B12: Mohali | C12: Q5AA-43RJ-JQUD | D12: AP | E12: =VLOOKUP(C12,'Device Wise Uptime '!B:D,3,0) -> 99.427816 | F12: =VLOOKUP(C12,'Device Wise Uptime '!B:F,5,0) -> 98.805324
A13: 12 | B13: Mohali | C13: Q5AA-8PQC-7V98 | D13: AP | E13: =VLOOKUP(C13,'Device Wise Uptime '!B:D,3,0) -> 99.99233 | F13: =VLOOKUP(C13,'Device Wise Uptime '!B:F,5,0) -> 98.933086
A14: 13 | B14: Mohali | C14: Q5AA-E8FN-53RX | D14: AP | E14: =VLOOKUP(C14,'Device Wise Uptime '!B:D,3,0) -> 99.707859 | F14: =VLOOKUP(C14,'Device Wise Uptime '!B:F,5,0) -> 98.374745
A15: 14 | B15: Mohali | C15: Q5AA-GBHE-WVEQ | D15: AP | E15: 100 | F15: 100
A16: 15 | B16: Mohali | C16: Q5AA-GMN6-UE62 | D16: AP | E16: =VLOOKUP(C16,'Device Wise Uptime '!B:D,3,0) -> 99.993519 | F16: =VLOOKUP(C16,'Device Wise Uptime '!B:F,5,0) -> 99.771921
A17: 16 | B17: Mohali | C17: Q5AA-KHJW-U94C | D17: AP | E17: =VLOOKUP(C17,'Device Wise Uptime '!B:D,3,0) -> 99.712492 | F17: =VLOOKUP(C17,'Device Wise Uptime '!B:F,5,0) -> 99.137407
A18: 17 | B18: Mohali | C18: Q5AA-MHPW-2YA8 | D18: AP | E18: =VLOOKUP(C18,'Device Wise Uptime '!B:D,3,0) -> 99.994414 | F18: =VLOOKUP(C18,'Device Wise Uptime '!B:F,5,0) -> 98.670513
A19: 18 | B19: Mohali | C19: Q5AA-PHPN-4452 | D19: AP | E19: =VLOOKUP(C19,'Device Wise Uptime '!B:D,3,0) -> 99.995548 | F19: =VLOOKUP(C19,'Device Wise Uptime '!B:F,5,0) -> 99.559437
A20: 19 | B20: Mohali | C20: Q5AA-V3D8-DKEG | D20: AP | E20: =VLOOKUP(C20,'Device Wise Uptime '!B:D,3,0) -> 99.997056 | F20: =VLOOKUP(C20,'Device Wise Uptime '!B:F,5,0) -> 99.492928
A21: 20 | B21: Mohali | C21: Q5AR-56BZ-6TSR | D21: AP | E21: =VLOOKUP(C21,'Device Wise Uptime '!B:D,3,0) -> 99.706231 | F21: =VLOOKUP(C21,'Device Wise Uptime '!B:F,5,0) -> 99.327087
A22: 21 | B22: Mohali | C22: Q5AR-A7VQ-MZJM | D22: AP | E22: =VLOOKUP(C22,'Device Wise Uptime '!B:D,3,0) -> 99.870716 | F22: =VLOOKUP(C22,'Device Wise Uptime '!B:F,5,0) -> 97.495046
A23: 22 | B23: Mohali | C23: Q5AR-TEZ8-EZVW | D23: AP | E23: =VLOOKUP(C23,'Device Wise Uptime '!B:D,3,0) -> 99.991404 | F23: =VLOOKUP(C23,'Device Wise Uptime '!B:F,5,0) -> 99.658584
A24: 23 | B24: Mohali | C24: Q5JG-NJW9-ABBQ | D24: SW | E24: =VLOOKUP(C24,'Device Wise Uptime '!B:D,3,0) -> 99.996698 | F24: =VLOOKUP(C24,'Device Wise Uptime '!B:F,5,0) -> 98.648086
A25: 24 | B25: Mohali | C25: Q5JJ-3TZH-2HV5 | D25: SW | E25: =VLOOKUP(C25,'Device Wise Uptime '!B:D,3,0) -> 99.295108 | F25: =VLOOKUP(C25,'Device Wise Uptime '!B:F,5,0) -> 100
A26: 25 | B26: Hyderabad | C26: Q3KG-TLUW-VDX7 | D26: AP | E26: 100 | F26: 100
A27: 26 | B27: Hyderabad | C27: Q3KG-U9M3-9GEC | D27: AP | E27: 100 | F27: 100
A28: 27 | B28: Hyderabad | C28: Q3KG-UKZ7-TA5X | D28: AP | E28: 100 | F28: 100
A29: 28 | B29: Hyderabad | C29: Q5AA-23YU-R3GZ | D29: AP | E29: 100 | F29: 100
A30: 29 | B30: Hyderabad | C30: Q5AA-46QV-Z3ZC | D30: AP | E30: 100 | F30: 100
A31: 30 | B31: Hyderabad | C31: Q5AA-6EJ5-AG7V | D31: AP | E31: 100 | F31: 100
A32: 31 | B32: Hyderabad | C32: Q5AA-GAFW-R58M | D32: AP | E32: 100 | F32: 100
A33: 32 | B33: Hyderabad | C33: Q5AA-Q8AL-KHWV | D33: AP | E33: 100 | F33: 100
A34: 33 | B34: Hyderabad | C34: Q5AA-QLUG-NSPB | D34: AP | E34: 100 | F34: 100
A35: 34 | B35: Hyderabad | C35: Q5AA-R4B3-WH9P | D35: AP | E35: 100 | F35: 100
A36: 35 | B36: Hyderabad | C36: Q5AA-TRMY-596Z | D36: AP | E36: 100 | F36: 100
A37: 36 | B37: Hyderabad | C37: Q5AA-YR33-H6HL | D37: AP | E37: 100 | F37: 100
... A41: 40 | B41: Hyderabad | C41: Q5JJ-Q88T-6XC7 | D41: SW | E41: 100 | F41: 100
A42: 41 | B42: Nagpur | C42: Q3KG-FBVZ-2RBN | D42: AP | E42: =VLOOKUP(C42,'Device Wise Uptime '!B:D,3,0) -> 99.982539 | F42: =VLOOKUP(C42,'Device Wise Uptime '!B:F,5,0) -> 94.118711
A43: 42 | B43: Nagpur | C43: Q3KG-MBCN-DSBC | D43: AP | E43: =VLOOKUP(C43,'Device Wise Uptime '!B:D,3,0) -> 99.994151 | F43: =VLOOKUP(C43,'Device Wise Uptime '!B:F,5,0) -> 99.977068
A44: 43 | B44: Nagpur | C44: Q3KG-P7GS-UMEQ | D44: AP | E44: =VLOOKUP(C44,'Device Wise Uptime '!B:D,3,0) -> 99.99635 | F44: =VLOOKUP(C44,'Device Wise Uptime '!B:F,5,0) -> 99.976289
A45: 44 | B45: Nagpur | C45: Q5AA-XH9E-KZRJ | D45: AP | E45: 100 | F45: 100
A46: 45 | B46: Nagpur | C46: Q5AR-4FGW-G4PW | D46: AP | E46: =VLOOKUP(C46,'Device Wise Uptime '!B:D,3,0) -> 99.992346 | F46: =VLOOKUP(C46,'Device Wise Uptime '!B:F,5,0) -> 99.978488
A47: 46 | B47: Nagpur | C47: Q5AR-9UF6-M73Y | D47: AP | E47: 100 | F47: 100
A48: 47 | B48: Nagpur | C48: Q5JG-SL55-CZ9Z | D48: SW | E48: =VLOOKUP(C48,'Device Wise Uptime '!B:D,3,0) -> 99.986304 | F48: =VLOOKUP(C48,'Device Wise Uptime '!B:F,5,0) -> 99.990579
A49: 48 | B49: Nagpur | C49: Q5JG-STQ9-EUPF | D49: SW | E49: =VLOOKUP(C49,'Device Wise Uptime '!B:D,3,0) -> 99.988854 | F49: =VLOOKUP(C49,'Device Wise Uptime '!B:F,5,0) -> 99.99054
A50: 49 | B50: Nagpur | C50: Q5JG-TM9S-PLFP | D50: SW | E50: =VLOOKUP(C50,'Device Wise Uptime '!B:D,3,0) -> 99.983375 | F50: =VLOOKUP(C50,'Device Wise Uptime '!B:F,5,0) -> 96.908385
A51: 50 | B51: Nagpur | C51: Q5JJ-68KZ-MXAS | D51: SW | E51: =VLOOKUP(C51,'Device Wise Uptime '!B:D,3,0) -> 99.989283 | F51: =VLOOKUP(C51,'Device Wise Uptime '!B:F,5,0) -> 96.040346
A52: 51 | B52: Mumbai | C52: FCW2302L13B | D52: SW | E52: 100 | F52: 100
A53: 52 | B53: Mumbai | C53: FCW2302G0TL | D53: SW | E53: 100 | F53: 100
A54: 53 | B54: Mumbai | C54: FCW2302D0ZJ | D54: SW | E54: 100 | F54: 100
A55: 54 | B55: Mumbai | C55: FCW2302D0Z7 | D55: SW | E55: 100 | F55: 100
A56: 55 | B56: Mumbai | C56: FCW2302AHDZ | D56: SW | E56: 100 | F56: 100
A57: 56 | B57: Mumbai | C57: FCW2302DHGQ | D57: SW | E57: 100 | F57: 100
A58: 57 | B58: Mumbai | C58: FOC2302U0WY | D58: SW | E58: 100 | F58: 100
A59: 58 | B59: Mumbai | C59: FCW2302DHTU | D59: SW | E59: 100 | F59: 100
A60: 59 | B60: Greater Noida | C60: Q3KG-6BJV-TZA3 | D60: AP | E60: =VLOOKUP(C60,'Device Wise Uptime '!B:D,3,0) -> 99.981168 | F60: =VLOOKUP(C60,'Device Wise Uptime '!B:F,5,0) -> 94.906366
A61: 60 | B61: Greater Noida | C61: Q3KG-8U94-FMUC | D61: AP | E61: =VLOOKUP(C61,'Device Wise Uptime '!B:D,3,0) -> 99.990829 | F61: =VLOOKUP(C61,'Device Wise Uptime '!B:F,5,0) -> 98.230921
A62: 61 | B62: Greater Noida | C62: Q3KG-A7BY-55YX | D62: AP | E62: 100 | F62: 100
A63: 62 | B63: Greater Noida | C63: Q3KG-A9R2-ATYY | D63: AP | E63: =VLOOKUP(C63,'Device Wise Uptime '!B:D,3,0) -> 99.978384 | F63: =VLOOKUP(C63,'Device Wise Uptime '!B:F,5,0) -> 87.02335
A64: 63 | B64: Greater Noida | C64: Q3KG-BTTL-HVZU | D64: AP | E64: =VLOOKUP(C64,'Device Wise Uptime '!B:D,3,0) -> 99.99265 | F64: =VLOOKUP(C64,'Device Wise Uptime '!B:F,5,0) -> 97.493873
A65: 64 | B65: Greater Noida | C65: Q3KG-CFHX-4TRU | D65: AP | E65: =VLOOKUP(C65,'Device Wise Uptime '!B:D,3,0) -> 99.993881 | F65: =VLOOKUP(C65,'Device Wise Uptime '!B:F,5,0) -> 99.856389
A66: 65 | B66: Greater Noida | C66: Q3KG-D56U-BSMY | D66: AP | E66: =VLOOKUP(C66,'Device Wise Uptime '!B:D,3,0) -> 99.992168 | F66: =VLOOKUP(C66,'Device Wise Uptime '!B:F,5,0) -> 96.773943
A67: 66 | B67: Greater Noida | C67: Q3KG-DGB7-HMVP | D67: AP | E67: =VLOOKUP(C67,'Device Wise Uptime '!B:D,3,0) -> 99.994545 | F67: =VLOOKUP(C67,'Device Wise Uptime '!B:F,5,0) -> 96.775563
A68: 67 | B68: Greater Noida | C68: Q3KG-GWW5-CHJC | D68: AP | E68: =VLOOKUP(C68,'Device Wise Uptime '!B:D,3,0) -> 99.984956 | F68: =VLOOKUP(C68,'Device Wise Uptime '!B:F,5,0) -> 94.775607
A69: 68 | B69: Greater Noida | C69: Q3KG-J4EF-KZ54 | D69: AP | E69: =VLOOKUP(C69,'Device Wise Uptime '!B:D,3,0) -> 99.992215 | F69: =VLOOKUP(C69,'Device Wise Uptime '!B:F,5,0) -> 97.333326
A70: 69 | B70: Greater Noida | C70: Q3KG-JH9T-FL7Z | D70: AP | E70: =VLOOKUP(C70,'Device Wise Uptime '!B:D,3,0) -> 100.11295 | F70: =VLOOKUP(C70,'Device Wise Uptime '!B:F,5,0) -> 95.673907
A71: 70 | B71: Greater Noida | C71: Q3KG-V5M8-92SS | D71: AP | E71: 100 | F71: 100
A72: 71 | B72: Greater Noida | C72: Q3KG-X73V-EYFZ | D72: AP | E72: =VLOOKUP(C72,'Device Wise Uptime '!B:D,3,0) -> 99.989545 | F72: =VLOOKUP(C72,'Device Wise Uptime '!B:F,5,0) -> 96.761497
A73: 72 | B73: Greater Noida | C73: Q3KG-XSEX-EG6A | D73: AP | E73: =VLOOKUP(C73,'Device Wise Uptime '!B:D,3,0) -> 99.986325 | F73: =VLOOKUP(C73,'Device Wise Uptime '!B:F,5,0) -> 99.478566
A74: 73 | B74: Greater Noida | C74: Q3KG-Y2PU-4DWW | D74: AP | E74: =VLOOKUP(C74,'Device Wise Uptime '!B:D,3,0) -> 99.99232 | F74: =VLOOKUP(C74,'Device Wise Uptime '!B:F,5,0) -> 99.79159
A75: 74 | B75: Greater Noida | C75: Q3MV-6XWK-TVUP | D75: AP | E75: =VLOOKUP(C75,'Device Wise Uptime '!B:D,3,0) -> 99.886227 | F75: =VLOOKUP(C75,'Device Wise Uptime '!B:F,5,0) -> 100
A76: 75 | B76: Greater Noida | C76: Q5AA-32YH-Q43U | D76: AP | E76: 100 | F76: 100
A77: 76 | B77: Greater Noida | C77: Q5AA-3BVV-VQUU | D77: AP | E77: =VLOOKUP(C77,'Device Wise Uptime '!B:D,3,0) -> 99.889599 | F77: =VLOOKUP(C77,'Device Wise Uptime '!B:F,5,0) -> 100
A78: 77 | B78: Greater Noida | C78: Q5AA-4792-7HZC | D78: AP | E78: =VLOOKUP(C78,'Device Wise Uptime '!B:D,3,0) -> 99.993133 | F78: =VLOOKUP(C78,'Device Wise Uptime '!B:F,5,0) -> 98.210972
A79: 78 | B79: Greater Noida | C79: Q5AA-5HRM-897H | D79: AP | E79: 100 | F79: 100
A80: 79 | B80: Greater Noida | C80: Q5AA-5L7V-QSYU | D80: AP | E80: =VLOOKUP(C80,'Device Wise Uptime '!B:D,3,0) -> 99.87159 | F80: =VLOOKUP(C80,'Device Wise Uptime '!B:F,5,0) -> 100
A81: 80 | B81: Greater Noida | C81: Q5AA-5TRP-EJMF | D81: AP | E81: =VLOOKUP(C81,'Device Wise Uptime '!B:D,3,0) -> 99.984812 | F81: =VLOOKUP(C81,'Device Wise Uptime '!B:F,5,0) -> 99.723709
A82: 81 | B82: Greater Noida | C82: Q5AA-63MW-78XL | D82: AP | E82: =VLOOKUP(C82,'Device Wise Uptime '!B:D,3,0) -> 99.955941 | F82: =VLOOKUP(C82,'Device Wise Uptime '!B:F,5,0) -> 99.9375
A83: 82 | B83: Greater Noida | C83: Q5AA-7TFR-X7ZG | D83: AP | E83: =VLOOKUP(C83,'Device Wise Uptime '!B:D,3,0) -> 99.98311 | F83: =VLOOKUP(C83,'Device Wise Uptime '!B:F,5,0) -> 99.215289
A84: 83 | B84: Greater Noida | C84: Q5AA-7VMH-YF9G | D84: AP | E84: =VLOOKUP(C84,'Device Wise Uptime '!B:D,3,0) -> 99.883349 | F84: =VLOOKUP(C84,'Device Wise Uptime '!B:F,5,0) -> 100
A85: 84 | B85: Greater Noida | C85: Q5AA-8AST-YPV4 | D85: AP | E85: =VLOOKUP(C85,'Device Wise Uptime '!B:D,3,0) -> 99.867731 | F85: =VLOOKUP(C85,'Device Wise Uptime '!B:F,5,0) -> 100
A86: 85 | B86: Greater Noida | C86: Q5AA-94E5-2UFU | D86: AP | E86: =VLOOKUP(C86,'Device Wise Uptime '!B:D,3,0) -> 99.883951 | F86: =VLOOKUP(C86,'Device Wise Uptime '!B:F,5,0) -> 100
A87: 86 | B87: Greater Noida | C87: Q5AA-9N3T-MZGU | D87: AP | E87: =VLOOKUP(C87,'Device Wise Uptime '!B:D,3,0) -> 99.950887 | F87: =VLOOKUP(C87,'Device Wise Uptime '!B:F,5,0) -> 96.897955
A88: 87 | B88: Greater Noida | C88: Q5AA-A6S6-XG3H | D88: AP | E88: =VLOOKUP(C88,'Device Wise Uptime '!B:D,3,0) -> 99.987114 | F88: =VLOOKUP(C88,'Device Wise Uptime '!B:F,5,0) -> 99.933873
A89: 88 | B89: Greater Noida | C89: Q5AA-AE34-NNBC | D89: AP | E89: =VLOOKUP(C89,'Device Wise Uptime '!B:D,3,0) -> 99.995694 | F89: =VLOOKUP(C89,'Device Wise Uptime '!B:F,5,0) -> 99.427199
A90: 89 | B90: Greater Noida | C90: Q5AA-ASYH-AKEA | D90: AP | E90: =VLOOKUP(C90,'Device Wise Uptime '!B:D,3,0) -> 99.966905 | F90: =VLOOKUP(C90,'Device Wise Uptime '!B:F,5,0) -> 99.636921
A91: 90 | B91: Greater Noida | C91: Q5AA-C4TF-5ZA8 | D91: AP | E91: =VLOOKUP(C91,'Device Wise Uptime '!B:D,3,0) -> 99.994772 | F91: =VLOOKUP(C91,'Device Wise Uptime '!B:F,5,0) -> 97.489633
A92: 91 | B92: Greater Noida | C92: Q5AA-DEJD-R4N5 | D92: AP | E92: =VLOOKUP(C92,'Device Wise Uptime '!B:D,3,0) -> 99.93338 | F92: =VLOOKUP(C92,'Device Wise Uptime '!B:F,5,0) -> 98.383893
A93: 92 | B93: Greater Noida | C93: Q5AA-EYB5-JQCK | D93: AP | E93: 100 | F93: 100
A94: 93 | B94: Greater Noida | C94: Q5AA-EZ6A-S56Y | D94: AP | E94: =VLOOKUP(C94,'Device Wise Uptime '!B:D,3,0) -> 99.961486 | F94: =VLOOKUP(C94,'Device Wise Uptime '!B:F,5,0) -> 98.238683
A95: 94 | B95: Greater Noida | C95: Q5AA-FRBE-94N5 | D95: AP | E95: =VLOOKUP(C95,'Device Wise Uptime '!B:D,3,0) -> 99.972319 | F95: =VLOOKUP(C95,'Device Wise Uptime '!B:F,5,0) -> 99.388354
A96: 95 | B96: Greater Noida | C96: Q5AA-FTAU-94AS | D96: AP | E96: =VLOOKUP(C96,'Device Wise Uptime '!B:D,3,0) -> 99.981119 | F96: =VLOOKUP(C96,'Device Wise Uptime '!B:F,5,0) -> 96.535594
A97: 96 | B97: Greater Noida | C97: Q5AA-GHXM-TRTK | D97: AP | E97: =VLOOKUP(C97,'Device Wise Uptime '!B:D,3,0) -> 99.961089 | F97: =VLOOKUP(C97,'Device Wise Uptime '!B:F,5,0) -> 96.74655
A98: 97 | B98: Greater Noida | C98: Q5AA-GJ47-DK5X | D98: AP | E98: =VLOOKUP(C98,'Device Wise Uptime '!B:D,3,0) -> 99.988457 | F98: =VLOOKUP(C98,'Device Wise Uptime '!B:F,5,0) -> 99.707954
A99: 98 | B99: Greater Noida | C99: Q5AA-H6R3-LUMM | D99: AP | E99: =VLOOKUP(C99,'Device Wise Uptime '!B:D,3,0) -> 99.962824 | F99: =VLOOKUP(C99,'Device Wise Uptime '!B:F,5,0) -> 99.740137
A100: 99 | B100: Greater Noida | C100: Q5AA-HBAV-ACSS | D100: AP | E100: 100 | F100: 100
A101: 100 | B101: Greater Noida | C101: Q5AA-HV4L-P853 | D101: AP | E101: =VLOOKUP(C101,'Device Wise Uptime '!B:D,3,0) -> 99.894074 | F101: =VLOOKUP(C101,'Device Wise Uptime '!B:F,5,0) -> 100
A102: 101 | B102: Greater Noida | C102: Q5AA-J9A9-ZJ2B | D102: AP | E102: =VLOOKUP(C102,'Device Wise Uptime '!B:D,3,0) -> 99.96462 | F102: =VLOOKUP(C102,'Device Wise Uptime '!B:F,5,0) -> 99.964211
A103: 102 | B103: Greater Noida | C103: Q5AA-JKR4-S9MX | D103: AP | E103: =VLOOKUP(C103,'Device Wise Uptime '!B:D,3,0) -> 99.950851 | F103: =VLOOKUP(C103,'Device Wise Uptime '!B:F,5,0) -> 99.381973
...

Sheet BLR
C1: Values
A2: Location | B2: Serial No. | C2: Average of Average of Proactive -Uptime% | D2: Average of Average of JFL -Uptime %
A3: Bangalore | B3: Q2QW-EXXK-QDZ3 | C3: 99.995197 | D3: 75.047114
B4: Q2QW-BWS8-7ULR | C4: 99.987369 | D4: 89.268866
B5: Q3AC-DZAX-3FNP | C5: 99.994807 | D5: 90.534336
B6: Q3AC-Y2HS-V29M | C6: 99.995656 | D6: 90.534931
B7: Q2DW-FPMF-3AL6 | C7: 99.992377 | D7: 93.778565
B8: Q3AC-RQJS-FY3M | C8: 99.996092 | D8: 94.169784
B9: Q3AC-E8LA-PVD4 | C9: 99.99169 | D9: 95.093349
B10: Q3AC-MPKF-FE8T | C10: 99.992515 | D10: 96.01831
B11: Q2QW-BWVG-Y4ZU | C11: 99.989568 | D11: 96.658063
B12: Q3AC-86YA-CET5 | C12: 99.995756 | D12: 97.80608
B13: Q3AC-ZNCZ-HDNM | C13: 99.998171 | D13: 97.806713
B14: Q5AE-KNH9-5GV8 | C14: 99.99566 | D14: 98.416381
B15: Q2QW-CTFM-KEQZ | C15: 99.995806 | D15: 98.728245
... B184: Q5AE-Y9U3-MTM2 | C184: 100 | D184: 100
A185: Grand Total | C185: 99.954433 | D185: 99.461385

Sheet Grater Noida 
C1: Values
A2: Location | B2: Serial No. | C2: Average of Average of Proactive -Uptime% | D2: Average of Average of JFL -Uptime %
A3: Greater Noida | B3: Q3KG-A9R2-ATYY | C3: 99.978384 | D3: 87.02335
B4: Q5AA-LCK3-FDNW | C4: 99.95492 | D4: 90.036979
B5: JIN2117106B | C5: 99.831968 | D5: 92.439352
B6: FCW2110B27N | C6: 99.973148 | D6: 92.498727
B7: FCW2110B25A | C7: 100.53787 | D7: 94.207909
B8: FOC2039V1JW | C8: 99.814468 | D8: 94.299267
B9: Q3KG-GWW5-CHJC | C9: 99.984956 | D9: 94.775607
B10: Q3KG-6BJV-TZA3 | C10: 99.981168 | D10: 94.906366
B11: Q3KG-JH9T-FL7Z | C11: 100.11295 | D11: 95.673907
B12: Q5AA-FTAU-94AS | C12: 99.981119 | D12: 96.535594
B13: FJC290222SV | C13: 99.986088 | D13: 96.585208
B14: Q5AA-GHXM-TRTK | C14: 99.961089 | D14: 96.74655
B15: Q3KG-X73V-EYFZ | C15: 99.989545 | D15: 96.761497
... B115: FJC29021TWN | C115: 100 | D115: 100
A116: Grand Total | C116: 99.977613 | D116: 98.938845

Sheet Guwahati
C1: Values
A2: Location | B2: Serial No. | C2: Average of Average of Proactive -Uptime% | D2: Average of Average of JFL -Uptime %
A3: Guwahati | B3: Q5JG-AQNW-P9FB | C3: 99.987369 | D3: 98.978071
B4: Q5JG-ECTW-5MN7 | C4: 99.993474 | D4: 99.121968
B5: Q3KG-ZJZJ-WWH5 | C5: 99.991485 | D5: 99.36016
B6: Q5AA-RM28-C2R8 | C6: 99.993573 | D6: 99.554988
B7: Q5AR-T7UY-LJRT | C7: 100 | D7: 100
A8: Grand Total | C8: 99.99318 | D8: 99.403037

Sheet Hyd
C1: Values
A2: Location | B2: Serial No. | C2: Average of Average of Proactive -Uptime% | D2: Average of Average of JFL -Uptime %
A3: Hyderabad | B3: Q3KG-TLUW-VDX7 | C3: 100 | D3: 100
B4: Q3KG-U9M3-9GEC | C4: 100 | D4: 100
B5: Q3KG-UKZ7-TA5X | C5: 100 | D5: 100
B6: Q5AA-23YU-R3GZ | C6: 100 | D6: 100
B7: Q5AA-46QV-Z3ZC | C7: 100 | D7: 100
B8: Q5AA-6EJ5-AG7V | C8: 100 | D8: 100
B9: Q5AA-GAFW-R58M | C9: 100 | D9: 100
B10: Q5AA-Q8AL-KHWV | C10: 100 | D10: 100
B11: Q5AA-QLUG-NSPB | C11: 100 | D11: 100
B12: Q5AA-R4B3-WH9P | C12: 100 | D12: 100
B13: Q5AA-TRMY-596Z | C13: 100 | D13: 100
B14: Q5AA-YR33-H6HL | C14: 100 | D14: 100
B15: Q5AR-LXCJ-F26L | C15: 100 | D15: 100
... B18: Q5JJ-Q88T-6XC7 | C18: 100 | D18: 100
A19: Grand Total | C19: 100 | D19: 100

Sheet mohali
C1: Values
A2: Location | B2: Serial No. | C2: Average of Average of Proactive -Uptime% | D2: Average of Average of JFL -Uptime %
A3: Mohali | B3: Q3LP-2PSJ-6DLB | C3: 99.914029 | D3: 95.870848
B4: Q5AR-A7VQ-MZJM | C4: 99.870716 | D4: 97.495046
B5: Q5AA-E8FN-53RX | C5: 99.707859 | D5: 98.374745
B6: Q5JG-NJW9-ABBQ | C6: 99.996698 | D6: 98.648086
B7: Q5AA-MHPW-2YA8 | C7: 99.994414 | D7: 98.670513
B8: Q5AA-43RJ-JQUD | C8: 99.427816 | D8: 98.805324
B9: Q3LM-TGAF-Q97P | C9: 99.803547 | D9: 98.868315
B10: Q5AA-8PQC-7V98 | C10: 99.99233 | D10: 98.933086
B11: Q5AA-KHJW-U94C | C11: 99.712492 | D11: 99.137407
B12: Q3KG-9RDD-U5HG | C12: 99.991992 | D12: 99.264852
B13: Q5AR-56BZ-6TSR | C13: 99.706231 | D13: 99.327087
B14: Q3KG-Y9ZZ-W8HK | C14: 99.989302 | D14: 99.328985
B15: Q5AA-V3D8-DKEG | C15: 99.997056 | D15: 99.492928
... B21: Q5JJ-3TZH-2HV5 | C21: 99.295108 | D21: 100
A22: Grand Total | C22: 99.862108 | D22: 99.010904

Sheet Mumbai
C1: Values
A2: Location | B2: Serial No. | C2: Average of Average of Proactive -Uptime% | D2: Average of Average of JFL -Uptime %
A3: Mumbai | B3: FCW2302AHDZ | C3: 100 | D3: 100
B4: FCW2302D0Z7 | C4: 100 | D4: 100
B5: FCW2302D0ZJ | C5: 100 | D5: 100
B6: FCW2302DHGQ | C6: 100 | D6: 100
B7: FCW2302DHTU | C7: 100 | D7: 100
B8: FCW2302G0TL | C8: 100 | D8: 100
B9: FCW2302L13B | C9: 100 | D9: 100
B10: FOC2302U0WY | C10: 100 | D10: 100
A11: Grand Total | C11: 100 | D11: 100

Sheet Nagpur
C1: Values
A2: Location | B2: Serial No. | C2: Average of Average of Proactive -Uptime% | D2: Average of Average of JFL -Uptime %
A3: Nagpur | B3: Q3KG-FBVZ-2RBN | C3: 99.982539 | D3: 94.118711
B4: Q5JJ-68KZ-MXAS | C4: 99.989283 | D4: 96.040346
B5: Q5JG-TM9S-PLFP | C5: 99.983375 | D5: 96.908385
B6: Q3KG-P7GS-UMEQ | C6: 99.99635 | D6: 99.976289
B7: Q3KG-MBCN-DSBC | C7: 99.994151 | D7: 99.977068
B8: Q5AR-4FGW-G4PW | C8: 99.992346 | D8: 99.978488
B9: Q5JG-STQ9-EUPF | C9: 99.988854 | D9: 99.99054
B10: Q5JG-SL55-CZ9Z | C10: 99.986304 | D10: 99.990579
B11: Q5AA-XH9E-KZRJ | C11: 100 | D11: 100
B12: Q5AR-9UF6-M73Y | C12: 100 | D12: 100
A13: Grand Total | C13: 99.99132 | D13: 98.698041

Sheet Noida
C1: Values
A2: Location | B2: Serial No. | C2: Average of Average of Proactive -Uptime% | D2: Average of Average of JFL -Uptime %
A3: Noida | B3: FGL2708LJWX | C3: 99.977261 | D3: 95.772299
B4: FGL2717MEB1 | C4: 100 | D4: 100
B5: FJC2649217U | C5: 100 | D5: 100
B6: FDO2649M0JT | C6: 100 | D6: 100
B7: FJC283311U3 | C7: 100 | D7: 100
B8: FGL2708LJTX | C8: 100 | D8: 100
B9: FJC283311U5 | C9: 100 | D9: 100
B10: FGL2708LJU0 | C10: 100 | D10: 100
B11: FOC2635Y89M | C11: 100 | D11: 100
B12: FGL2708LJU6 | C12: 100 | D12: 100
B13: FOC2635Y89T | C13: 100 | D13: 100
B14: FGL2708LJUC | C14: 100 | D14: 100
B15: FOC2646YCRH | C15: 100 | D15: 100
... B83: WZP23460YYF | C83: 100 | D83: 100
A84: Grand Total | C84: 99.999719 | D84: 99.947806
